coverage	chromosome	position	alt_allele	ref_allele
10..30	4	69214515	G	A
30..50	10	79870424	T	C
50..100	1	78629896	C	T
50..100	1	101772262	T	C
50..100	1	186061909	T	C
50..100	1	190764921	A	G
50..100	11	122867553	G	A
50..100	12	109199383	C	G
50..100	13	42895075	A	G
50..100	13	43029735	T	C
50..100	2	185800236	A	C
50..100	21	31060653	T	A
50..100	3	49357401	A	G
50..100	3	69077344	C	T
50..100	3	105541674	A	G
50..100	3	149761514	T	C
50..100	4	20490794	T	G
50..100	6	32661352	C	T
50..100	6	32661378	A	C
50..100	7	43973248	A	G
50..100	7	67238341	A	G
50..100	8	12743211	A	T
100..300	1	3883678	G	A
100..300	1	10130826	T	A
100..300	1	12022869	G	A
100..300	1	20664780	A	G
100..300	1	22589260	C	T
100..300	1	31692773	C	T
100..300	1	31728046	C	T
100..300	1	45629600	C	T
100..300	1	46815187	A	G
100..300	1	46817100	T	C
100..300	1	47994235	T	C
100..300	1	91319330	A	G
100..300	1	91394244	G	A
100..300	1	115791113	C	T
100..300	1	119085233	T	C
100..300	1	152737689	T	G
100..300	1	152759960	C	G
100..300	1	152760825	A	T
100..300	1	156548587	A	G
100..300	1	156815190	C	T
100..300	1	156815825	A	G
100..300	1	156815987	A	G
100..300	1	157589332	T	C
100..300	1	158765805	T	C
100..300	1	158765901	C	T
100..300	1	158765950	G	A
100..300	1	158766102	G	A
100..300	1	158766655	T	C
100..300	1	166747856	C	G
100..300	1	178747028	A	G
100..300	1	181055268	A	G
100..300	1	186057342	C	T
100..300	1	196685194	C	A
100..300	1	196690107	T	C
100..300	1	200407567	T	C
100..300	1	204162058	G	T
100..300	1	216175422	T	C
100..300	1	223626980	T	A
100..300	1	223863737	T	C
100..300	1	223864490	C	G
100..300	1	226402257	A	G
100..300	1	232445690	A	G
100..300	1	232462241	A	T
100..300	1	247991045	T	C
100..300	1	248323998	T	C
100..300	1	248349335	T	C
100..300	10	864285	G	A
100..300	10	17594310	A	G
100..300	10	25023760	G	A
100..300	10	26173861	A	G
100..300	10	29532160	T	C
100..300	10	29533230	C	T
100..300	10	29550584	G	A
100..300	10	29550858	G	A
100..300	10	29551109	G	A
100..300	10	29554904	T	C
100..300	10	43616358	A	G
100..300	10	43616797	A	G
100..300	10	48634610	T	C
100..300	10	68414950	A	T
100..300	10	69186084	T	C
100..300	10	69232908	T	C
100..300	10	71675131	C	G
100..300	10	91054274	T	C
100..300	10	95067421	C	T
100..300	10	102471297	G	A
100..300	11	1174639	G	C
100..300	11	1182438	C	T
100..300	11	1196002	C	T
100..300	11	4475383	A	C
100..300	11	5343512	T	C
100..300	11	5571518	C	T
100..300	11	5571969	A	G
100..300	11	5571977	A	G
100..300	11	5581208	A	T
100..300	11	5581385	G	A
100..300	11	5581698	C	G
100..300	11	5581738	A	G
100..300	11	6108607	T	C
100..300	11	6768698	A	C
100..300	11	6785265	C	T
100..300	11	6785596	T	G
100..300	11	6785932	G	C
100..300	11	6870154	A	G
100..300	11	10626155	A	G
100..300	11	18742479	C	G
100..300	11	26565254	A	G
100..300	11	26565586	C	T
100..300	11	48365634	G	A
100..300	11	48991502	T	C
100..300	11	62169472	T	C
100..300	11	65021722	C	T
100..300	11	88175178	G	C
100..300	11	110788295	G	A
100..300	11	117465006	C	T
100..300	11	123907029	C	T
100..300	11	123943116	A	G
100..300	11	123943233	C	G
100..300	11	123943782	G	A
100..300	11	123976685	C	G
100..300	11	123994598	A	G
100..300	11	124023527	G	A
100..300	11	126521402	G	T
100..300	12	202783	G	A
100..300	12	4627876	A	G
100..300	12	5985679	A	G
100..300	12	31984578	G	C
100..300	12	40479224	A	G
100..300	12	43660428	G	A
100..300	12	48525876	C	T
100..300	12	48525877	A	G
100..300	12	48560257	G	A
100..300	12	48560442	C	G
100..300	12	61879443	C	G
100..300	12	74292636	C	T
100..300	12	89635124	C	T
100..300	12	100579931	T	C
100..300	12	100739970	C	A
100..300	12	108292231	G	C
100..300	12	112881795	T	C
100..300	12	124954070	C	A
100..300	12	132606232	A	G
100..300	13	24698732	T	C
100..300	13	42129546	C	T
100..300	13	49549513	A	G
100..300	13	49551486	T	C
100..300	13	98395734	A	G
100..300	13	98395772	C	T
100..300	13	98888141	G	A
100..300	13	98914181	A	G
100..300	13	110206722	C	G
100..300	13	110469273	T	C
100..300	13	110937240	C	G
100..300	14	30906116	T	A
100..300	14	34740685	A	G
100..300	14	58371950	G	A
100..300	14	66013050	C	A
100..300	14	69229075	A	G
100..300	14	70013498	A	T
100..300	14	73595264	C	T
100..300	14	94366459	A	G
100..300	14	98973311	A	G
100..300	14	102434864	G	A
100..300	15	24508923	A	G
100..300	15	25679947	G	C
100..300	15	30005618	C	G
100..300	15	31050541	T	C
100..300	15	41749514	A	G
100..300	15	42878595	G	A
100..300	15	43369604	C	T
100..300	15	43524719	A	G
100..300	15	43525208	C	T
100..300	15	47765874	A	G
100..300	15	63630553	A	T
100..300	15	63640314	C	G
100..300	15	63642950	G	A
100..300	15	63645010	G	C
100..300	15	63703224	T	C
100..300	15	89625462	A	T
100..300	15	90885359	G	T
100..300	16	274052	G	A
100..300	16	583353	C	T
100..300	16	583354	A	G
100..300	16	11556469	A	G
100..300	16	11875867	C	G
100..300	16	13948101	C	T
100..300	16	56677646	T	C
100..300	16	57998122	A	G
100..300	16	74465691	A	G
100..300	16	75236823	A	C
100..300	16	78574199	C	T
100..300	16	81476117	C	T
100..300	16	87644538	C	T
100..300	17	3732474	C	A
100..300	17	5583844	G	C
100..300	17	7496547	A	G
100..300	17	10328100	T	C
100..300	17	10524607	A	G
100..300	17	10795417	T	G
100..300	17	10795437	A	T
100..300	17	17165791	A	G
100..300	17	18155207	T	C
100..300	17	35363600	T	G
100..300	17	36989342	C	T
100..300	17	40799709	A	G
100..300	17	40834751	C	T
100..300	17	41478373	G	A
100..300	17	41487394	A	G
100..300	17	43917426	T	C
100..300	17	50353836	T	C
100..300	17	50378624	T	A
100..300	17	50378832	C	T
100..300	17	50397140	A	G
100..300	17	56950489	C	T
100..300	17	57739471	C	T
100..300	17	68537514	G	A
100..300	17	68542098	T	G
100..300	17	73242877	T	C
100..300	17	74473819	G	A
100..300	17	82127757	G	A
100..300	17	82127827	T	G
100..300	17	82830589	C	T
100..300	17	83035056	C	A
100..300	17	83048753	T	C
100..300	18	50276984	T	C
100..300	18	55403683	A	G
100..300	18	57697598	A	G
100..300	18	62443051	C	T
100..300	18	63532717	C	G
100..300	18	63933150	T	C
100..300	19	9126759	G	A
100..300	19	15647117	C	T
100..300	19	18086825	A	G
100..300	19	21150004	T	C
100..300	19	33624642	C	T
100..300	19	34093232	G	A
100..300	19	40590283	G	A
100..300	19	40605163	A	G
100..300	19	40822291	T	C
100..300	19	40877248	G	A
100..300	19	41116284	A	G
100..300	19	43848487	A	G
100..300	19	51003764	G	T
100..300	19	53289789	A	G
100..300	19	55202167	A	G
100..300	19	56003968	T	C
100..300	19	56442216	C	T
100..300	19	58067210	T	C
100..300	2	17284808	G	A
100..300	2	17385367	G	A
100..300	2	20858504	A	G
100..300	2	39615000	C	G
100..300	2	54255852	T	C
100..300	2	55881747	C	T
100..300	2	63622357	C	T
100..300	2	64100410	T	G
100..300	2	64100458	C	T
100..300	2	71124357	A	G
100..300	2	73264386	T	C
100..300	2	101022366	T	C
100..300	2	102478945	A	G
100..300	2	112647131	A	G
100..300	2	151531039	C	T
100..300	2	158807087	C	T
100..300	2	161504064	C	T
100..300	2	161506555	A	G
100..300	2	161839904	T	C
100..300	2	165679408	T	C
100..300	2	169531430	A	G
100..300	2	173263785	T	C
100..300	2	185796946	G	A
100..300	2	233460175	C	T
100..300	2	237760159	G	A
100..300	2	237762685	G	A
100..300	2	237824373	A	G
100..300	2	240630832	C	A
100..300	20	25213313	A	G
100..300	20	25302308	G	A
100..300	20	33034277	A	G
100..300	20	33056714	C	T
100..300	20	33068826	G	C
100..300	20	33086040	G	A
100..300	20	35004445	T	C
100..300	20	35115804	T	C
100..300	20	46566265	G	C
100..300	20	58715291	G	C
100..300	20	62273292	T	C
100..300	20	62324150	T	C
100..300	20	62352356	A	G
100..300	20	63564829	C	G
100..300	21	14967968	T	C
100..300	21	17518892	G	A
100..300	21	46346225	C	T
100..300	21	46353189	A	C
100..300	21	46391357	T	C
100..300	21	46431839	G	A
100..300	22	16857817	T	G
100..300	22	16859529	C	T
100..300	22	16859749	T	C
100..300	22	16859779	T	C
100..300	22	17209519	A	G
100..300	22	19039100	G	A
100..300	22	24748945	T	C
100..300	22	25357354	A	G
100..300	22	29260400	T	G
100..300	22	32272384	A	G
100..300	22	32415965	G	A
100..300	22	37185445	A	C
100..300	22	37374026	T	G
100..300	22	43889787	A	G
100..300	3	4316526	G	A
100..300	3	9878454	C	G
100..300	3	19933647	T	C
100..300	3	46671967	G	C
100..300	3	48621034	A	C
100..300	3	48641538	G	T
100..300	3	48643620	T	C
100..300	3	48653883	C	T
100..300	3	48662086	T	C
100..300	3	49256817	A	C
100..300	3	49417897	T	C
100..300	3	49676792	C	T
100..300	3	52506757	C	T
100..300	3	53229263	G	A
100..300	3	63996406	A	G
100..300	3	98065331	A	C
100..300	3	101366569	A	G
100..300	3	122662270	T	C
100..300	3	123915199	A	G
100..300	3	123947055	G	T
100..300	3	139538761	G	A
100..300	3	149474889	A	G
100..300	3	149750743	G	T
100..300	3	152340660	G	A
100..300	3	152836568	G	A
100..300	3	156810476	T	C
100..300	3	169122674	C	T
100..300	3	172648042	G	T
100..300	3	183494118	G	A
100..300	3	184328682	T	C
100..300	3	184581379	C	T
100..300	4	4197907	T	A
100..300	4	37960565	C	G
100..300	4	38773268	C	T
100..300	4	38774870	G	T
100..300	4	38828729	G	A
100..300	4	39115291	C	T
100..300	4	61934836	A	G
100..300	4	70249239	T	G
100..300	4	76739578	G	C
100..300	4	78534560	G	C
100..300	4	82661058	G	C
100..300	4	83309466	C	T
100..300	4	101918130	A	G
100..300	4	102025190	G	A
100..300	4	103161192	T	C
100..300	4	107654833	A	G
100..300	4	116598211	C	T
100..300	4	116598343	C	T
100..300	4	116598525	T	C
100..300	4	129003822	A	C
100..300	4	129102604	T	A
100..300	4	140461967	T	A
100..300	4	153703504	C	T
100..300	4	153710435	G	C
100..300	4	153712582	C	G
100..300	4	155214875	T	C
100..300	4	155381191	T	A
100..300	4	176192613	C	A
100..300	4	176192685	T	C
100..300	5	41008678	G	A
100..300	5	64695646	C	G
100..300	5	79732903	G	A
100..300	5	79733771	C	T
100..300	5	80519839	C	T
100..300	5	81113910	C	T
100..300	5	90855813	G	C
100..300	5	98576447	T	C
100..300	5	113340327	G	C
100..300	5	113434330	G	T
100..300	5	138164976	A	G
100..300	5	141150948	A	G
100..300	5	141183164	A	G
100..300	5	141187690	T	G
100..300	5	141241224	G	A
100..300	5	146458877	A	G
100..300	5	150446963	T	C
100..300	5	152376455	T	G
100..300	5	176384092	A	G
100..300	6	7584384	T	C
100..300	6	29829919	G	A
100..300	6	32349858	A	G
100..300	6	32661960	T	C
100..300	6	33007604	G	A
100..300	6	36684562	G	C
100..300	6	49728760	T	G
100..300	6	51748379	T	C
100..300	6	54321349	C	T
100..300	6	64912570	G	A
100..300	6	70859387	C	T
100..300	6	99371503	C	T
100..300	6	109196503	A	G
100..300	6	147314249	G	C
100..300	6	147359223	G	A
100..300	6	148544121	G	A
100..300	6	158763430	G	A
100..300	6	158767096	G	A
100..300	6	169762419	C	A
100..300	6	170569705	C	T
100..300	7	256773	A	G
100..300	7	5352071	G	C
100..300	7	5357084	C	T
100..300	7	22438588	T	G
100..300	7	42172590	C	T
100..300	7	43965914	A	G
100..300	7	45101315	T	C
100..300	7	51600444	A	G
100..300	7	51600494	A	G
100..300	7	64266267	C	T
100..300	7	64266300	A	T
100..300	7	64706424	T	G
100..300	7	66423583	A	C
100..300	7	77794257	A	G
100..300	7	87521774	C	T
100..300	7	87550285	G	A
100..300	7	123511981	C	T
100..300	7	128682980	G	A
100..300	7	141664912	A	G
100..300	7	142384603	T	G
100..300	7	142563940	T	C
100..300	7	142615809	G	C
100..300	7	142619093	T	C
100..300	8	10532942	T	C
100..300	8	11549084	C	T
100..300	8	11757066	G	A
100..300	8	12728755	C	A
100..300	8	30843082	C	T
100..300	8	41668396	T	C
100..300	8	100140796	A	G
100..300	8	124567749	T	C
100..300	8	138630731	C	T
100..300	8	139618747	G	A
100..300	8	141136609	C	T
100..300	9	2029199	A	G
100..300	9	6012734	C	A
100..300	9	14775861	A	G
100..300	9	18775812	A	C
100..300	9	18777424	A	G
100..300	9	21077717	A	G
100..300	9	36013202	A	G
100..300	9	74800368	C	A
100..300	9	76704005	G	A
100..300	9	76706955	T	C
100..300	9	76707152	T	G
100..300	9	76709825	C	T
100..300	9	77369316	C	T
100..300	9	87885490	C	A
100..300	9	87886533	A	C
100..300	9	87887904	C	T
100..300	9	92522700	G	T
100..300	9	97432124	C	T
100..300	9	114002003	T	C
100..300	9	114240237	T	C
100..300	9	114403926	T	G
100..300	9	116344602	A	C
100..300	9	124021154	C	G
100..300	9	124467839	T	C
100..300	9	125213375	T	C
100..300	9	127731234	G	A
100..300	9	128222476	T	C
100..300	9	129875433	A	G
100..300	9	134909570	C	T
100..300	9	134909954	C	T
100..300	9	135549914	A	C
100..300	9	136290477	G	A
100..300	9	136291438	T	C
≥300	1	13416600	T	C
≥300	13	75240208	A	C
≥300	14	94290457	C	T
≥300	14	104714369	G	A
≥300	16	56626904	A	G
≥300	16	56626929	T	C
≥300	17	40994032	G	A
≥300	18	22415790	C	T
≥300	18	62442484	T	C
≥300	19	42935542	A	G
≥300	19	54279838	T	C
≥300	2	167713948	C	T
≥300	21	44550929	A	G
≥300	22	37375118	A	G
≥300	3	48660221	G	C
≥300	3	156810612	A	G
≥300	3	195750915	T	C
≥300	5	140788485	G	A
≥300	5	140788566	T	G
≥300	5	140795037	A	G
≥300	5	140795280	C	G
≥300	5	140802516	T	G
≥300	5	140803473	A	G
≥300	5	140807737	T	C
≥300	5	140808798	G	T
≥300	5	140808816	G	A
≥300	5	140823847	T	C
≥300	5	140841554	A	G
≥300	5	140842572	C	A
≥300	5	141184688	T	C
≥300	6	29745688	C	T
≥300	6	31148469	A	G
≥300	6	31271672	G	C
≥300	6	32293730	C	T
≥300	9	81992843	A	T
≥300	9	82059881	G	A
≥300	9	134909468	G	A
