coverage;chromosome;position;alt_allele;ref_allele;vaf;Coverage
10..30;4;69214515;G;A;0.1638419926166534;25
10..30;6;32662186;T;C;0.2265619933605194;20
30..50;10;79870424;T;C;0.1629630029201507;30
30..50;6;32662159;T;C;;40
50..100;1;16062085;A;C;0.1037740036845207;70
50..100;1;56753866;A;C;0.1328119933605194;95
50..100;1;78629896;C;T;0.1833329945802688;90
50..100;1;101772262;T;C;0.201550006866455;95
50..100;1;107441476;G;A;0.1311479955911636;85
50..100;1;169514323;C;T;0.1219509989023208;90
50..100;1;186061909;T;C;0.261260986328125;90
50..100;1;190764921;A;G;0.1840000003576278;95
50..100;1;212052002;A;G;8.0;90
50..100;1;223995906;C;T;0.1935479938983917;90
50..100;10;89611689;A;G;;95
50..100;10;92935798;A;G;0.1439390033483505;95
50..100;11;4475686;T;C;0.1929820030927658;90
50..100;11;21613736;G;C;0.1732279956340789;95
50..100;11;21613749;G;T;0.1703699976205825;95
50..100;11;62331471;TGAC;T;10.0;85
50..100;11;100979471;A;G;0.159291997551918;80
50..100;11;113323446;C;A;0.115385003387928;95
50..100;11;122867553;G;A;0.1889760047197342;95
50..100;12;8229550;A;G;0.1474359929561615;75
50..100;12;109199383;C;G;0.1610170006752014;90
50..100;13;19670820;CT;C;0.625;85
50..100;13;42895075;A;G;0.2524270117282867;85
50..100;13;43029735;T;C;0.171875;95
50..100;14;52027354;A;G;0.1259839981794357;95
50..100;15;22727158;C;G;0.122807003557682;90
50..100;15;50402109;G;A;0.1293099969625473;80
50..100;18;33224794;C;A;;95
50..100;2;152558730;TC;T;0.625;95
50..100;2;152558730;C;T;0.2361110001802444;95
50..100;2;185800236;A;C;0.1652889996767044;90
50..100;21;18294584;A;T;0.1391299962997436;95
50..100;21;31060653;T;A;0.184466004371643;80
50..100;22;23197124;G;A;0.1195650026202201;70
50..100;3;49357401;A;G;0.1376149952411651;80
50..100;3;69077344;C;T;0.1472869962453842;95
50..100;3;70126255;CT;C;0.2261900007724762;95
50..100;3;70126255;C;CT;0.0714285969734191;95
50..100;3;105541674;A;G;0.1550389975309372;95
50..100;3;149761514;T;C;0.2452829927206039;90
50..100;3;194666571;T;C;0.1393440067768097;90
50..100;4;20490794;T;G;0.2033900022506714;90
50..100;4;61935010;C;T;0.1199999973177909;90
50..100;4;78499710;C;T;0.1836729943752288;80
50..100;4;78499715;T;C;0.1682240068912506;90
50..100;4;78499716;G;C;0.1682240068912506;90
50..100;4;155785330;A;G;0.1545449942350387;80
50..100;4;184713017;CA;C;0.058823499828577;75
50..100;4;184713017;C;CA;0.1411760002374649;75
50..100;5;76631363;T;C;0.1538459956645965;95
50..100;5;151027895;C;T;0.1370970010757446;95
50..100;6;20758577;GT;G;0.0930233001708984;90
50..100;6;20758577;G;GT;0.3604649901390075;90
50..100;6;29929240;A;C;0.2545450031757355;95
50..100;6;32642029;T;C;0.3666670024394989;90
50..100;6;32661352;C;T;0.1836729943752288;65
50..100;6;32661378;A;C;0.2000000029802322;65
50..100;6;56605753;A;T;0.1452990025281906;90
50..100;6;129831375;C;A;0.1240879967808723;95
50..100;7;43973248;A;G;0.1224490031599998;55
50..100;7;63114151;T;C;0.1322309970855713;95
50..100;7;63114155;G;A;0.1322309970855713;90
50..100;7;63138930;T;C;0.1417320072650909;95
50..100;7;67238341;A;G;0.1699029952287674;50
50..100;7;142602301;G;A;0.1698109954595565;85
50..100;8;12743211;A;T;0.2222220003604889;95
50..100;8;24952123;G;C;0.1538459956645965;95
50..100;8;38452200;G;GACAC;0.3333329856395721;95
50..100;8;131940480;AT;A;0.2179490029811859;70
50..100;8;131940480;A;AT;0.0641025975346565;70
50..100;9;4574022;C;A;0.1525419950485229;90
50..100;9;72223107;C;T;0.1374049931764602;95
50..100;9;97625837;T;G;0.1512610018253326;90
100..300;1;3883678;G;A;0.128712996840477;230
100..300;1;10506158;G;A;0.1445779949426651;185
100..300;1;12022869;G;A;0.1646589934825897;190
100..300;1;16030002;G;C;0.1140939965844154;210
100..300;1;20664780;A;G;0.1361500024795532;170
100..300;1;31692773;C;T;0.1356589943170547;200
100..300;1;45629600;C;T;0.1343279927968979;155
100..300;1;46817100;T;C;0.1184670031070709;200
100..300;1;91319330;A;G;0.1656440049409866;120
100..300;1;91394244;G;A;0.2150000035762787;160
100..300;1;115791113;C;T;0.2253520041704177;110
100..300;1;119085233;T;C;0.115385003387928;160
100..300;1;119126639;A;C;0.5;110
100..300;1;152737689;T;G;0.1360539942979812;230
100..300;1;152759960;C;G;0.1215810030698776;265
100..300;1;152760825;A;T;0.140625;250
100..300;1;156548587;A;G;0.1486490070819854;170
100..300;1;156736767;C;A;;205
100..300;1;156736767;G;A;;205
100..300;1;156738452;G;C;0.0825688019394874;150
100..300;1;156815190;C;T;0.15625;225
100..300;1;156815825;A;G;0.1348309963941574;200
100..300;1;156815987;A;G;0.1259839981794357;200
100..300;1;157589332;T;C;0.1442620009183883;225
100..300;1;157630127;G;A;0.1578949987888336;200
100..300;1;157630147;A;T;0.1484380066394806;195
100..300;1;158674315;A;T;0.1310340017080307;110
100..300;1;158765805;T;C;0.1497579962015152;160
100..300;1;158765901;C;T;0.1567800045013427;185
100..300;1;158765950;G;A;0.1547169983386993;205
100..300;1;158766102;G;A;0.1666669994592666;225
100..300;1;158766655;T;C;0.1411290019750595;190
100..300;1;159032587;A;C;0.125;175
100..300;1;159032599;A;T;0.1309520006179809;185
100..300;1;166747404;C;A;0.1313869953155517;100
100..300;1;166747856;C;G;0.1626510024070739;140
100..300;1;166747861;CAAG;C;0.1290320008993148;145
100..300;1;170866621;A;G;0.1180559992790222;100
100..300;1;178747028;A;G;0.1325969994068145;150
100..300;1;181055268;A;G;0.1380749940872192;180
100..300;1;186057342;C;T;0.2290080040693283;105
100..300;1;186144720;C;G;0.1267610043287277;110
100..300;1;196685194;C;A;0.2064519971609115;120
100..300;1;196690107;T;C;0.1515150070190429;125
100..300;1;201372047;C;CAGAAG;0.1602559983730316;250
100..300;1;204162058;G;T;0.1178449988365173;220
100..300;1;216175422;T;C;0.1851850003004074;140
100..300;1;223626980;T;A;0.1477269977331161;135
100..300;1;223863737;T;C;0.1849710047245025;155
100..300;1;226402257;A;G;0.1155230030417442;205
100..300;1;232462241;A;T;0.1910109966993332;135
100..300;1;236484250;A;C;0.1730770021677017;160
100..300;1;247991045;T;C;0.1230280026793479;235
100..300;1;248323998;T;C;0.1583330035209655;175
100..300;1;248348762;G;T;0.1144580021500587;130
100..300;1;248349335;T;C;0.1358489990234375;205
100..300;1;248349447;A;G;0.1319999992847442;200
100..300;10;864285;G;A;0.1468929946422577;140
100..300;10;1199953;T;A;1.0;160
100..300;10;15008689;A;G;0.1458330005407333;140
100..300;10;17594310;A;G;0.1500000059604644;120
100..300;10;25023760;G;A;0.1312499940395355;135
100..300;10;25024889;T;C;0.1341460049152374;130
100..300;10;26173861;A;G;0.1470589935779571;190
100..300;10;29533230;C;T;0.1630090028047561;255
100..300;10;29550584;G;A;0.1690140068531036;120
100..300;10;29550858;G;A;0.1441719979047775;270
100..300;10;29554904;T;C;0.1797749996185302;220
100..300;10;33206339;T;C;0.1377249956130981;140
100..300;10;33221735;A;G;0.1413609981536865;135
100..300;10;33263767;T;C;;145
100..300;10;43616797;A;G;0.1365460008382797;205
100..300;10;48634610;T;C;0.1835439950227737;120
100..300;10;68414950;A;T;0.1263740062713623;140
100..300;10;69186084;T;C;0.1388889998197555;130
100..300;10;69232908;T;C;0.1587979942560196;190
100..300;10;71675131;C;G;0.1075949966907501;225
100..300;10;71799129;A;G;0.1188519969582557;185
100..300;10;91054274;T;C;0.1428570002317428;120
100..300;10;94842865;T;C;;180
100..300;10;95067421;C;T;0.1868689954280853;180
100..300;10;102425196;G;C;0.1213869974017143;120
100..300;10;102471297;G;A;0.1328669935464859;205
100..300;11;2633443;A;G;0.1304350048303604;125
100..300;11;3418249;A;G;0.1172839999198913;180
100..300;11;4475383;A;C;0.1808509975671768;165
100..300;11;4475616;T;C;0.122698999941349;120
100..300;11;5343512;T;C;0.1690140068531036;110
100..300;11;5571969;A;G;0.2041669934988021;190
100..300;11;5571977;A;G;0.1957450062036514;190
100..300;11;5581698;C;G;0.1488669961690902;245
100..300;11;5581738;A;G;0.149847000837326;250
100..300;11;6108607;T;C;0.1149730011820793;275
100..300;11;6768698;A;C;0.1700000017881393;235
100..300;11;6785596;T;G;0.1730100065469741;225
100..300;11;6785932;G;C;0.1800770014524459;210
100..300;11;6870154;A;G;0.1523810029029846;245
100..300;11;8671858;A;G;0.0777778029441833;120
100..300;11;8671858;T;G;0.8444439768791199;120
100..300;11;10626155;A;G;0.1201409995555877;220
100..300;11;12204399;G;T;0.1262799948453903;205
100..300;11;18742479;C;G;0.1391299962997436;175
100..300;11;26565254;A;G;0.1811590045690536;115
100..300;11;26565443;C;T;0.1623380035161972;130
100..300;11;26565586;C;T;0.2614380121231079;135
100..300;11;48264682;G;A;0.1000000014901161;145
100..300;11;48365634;G;A;0.1639340072870254;140
100..300;11;48991502;T;C;0.1509429961442947;205
100..300;11;55343762;A;C;0.2226150035858154;235
100..300;11;55885487;G;A;0.1202529966831207;105
100..300;11;56820024;C;CA;0.1725890040397644;170
100..300;11;62169472;T;C;0.1234939992427825;255
100..300;11;65021722;C;T;0.1260869950056076;175
100..300;11;72577606;T;TG;0.1866669952869415;135
100..300;11;73235263;A;T;0.1262629926204681;150
100..300;11;78079609;C;G;;255
100..300;11;88175178;G;C;0.1296299993991851;170
100..300;11;110773809;C;T;0.1401270031929016;120
100..300;11;110788295;G;A;0.1185770034790039;205
100..300;11;117465006;C;T;0.1356589943170547;195
100..300;11;123906791;T;C;0.3032790124416351;180
100..300;11;123907029;C;T;0.1712960004806518;175
100..300;11;123943116;A;G;0.1292520016431808;225
100..300;11;123943233;C;G;0.1079370006918907;235
100..300;11;123943782;G;A;0.1924879997968673;165
100..300;11;123976685;C;G;0.1491709947586059;140
100..300;11;123994598;A;G;0.1232879981398582;230
100..300;11;126521402;G;T;0.1575340032577514;210
100..300;12;881746;C;A;0.1157409995794296;160
100..300;12;4627876;A;G;0.1666669994592666;150
100..300;12;5985679;A;G;0.1527779996395111;165
100..300;12;11871007;T;C;0.1131220012903213;175
100..300;12;16272722;T;A;0.1242939978837966;135
100..300;12;19456995;A;G;0.1120330020785331;190
100..300;12;24832719;A;G;0.1202529966831207;120
100..300;12;31984578;G;C;0.132652997970581;155
100..300;12;40479224;A;G;0.1283189952373504;180
100..300;12;43660428;G;A;0.1666669994592666;130
100..300;12;48486168;G;T;0.1355929970741272;135
100..300;12;48525876;C;T;0.1657139956951141;280
100..300;12;48525877;A;G;0.1657139956951141;285
100..300;12;48560257;G;A;0.169291004538536;200
100..300;12;48560442;C;G;0.1509429961442947;245
100..300;12;61879443;C;G;0.135245993733406;180
100..300;12;61880351;T;G;0.1318680047988891;145
100..300;12;68721918;A;G;0.1464969962835312;115
100..300;12;74292636;C;T;0.221557006239891;145
100..300;12;89635124;C;T;0.1800000071525573;120
100..300;12;100578871;T;A;0.1449279934167862;100
100..300;12;100579381;C;T;0.1538459956645965;100
100..300;12;100579931;T;C;0.1496600061655044;125
100..300;12;100739970;C;A;0.1445090025663375;130
100..300;12;101158297;A;G;0.1204819977283477;110
100..300;12;108292231;G;C;0.1884060055017471;235
100..300;12;112875665;T;C;0.1242939978837966;135
100..300;12;112881795;T;C;0.1410789936780929;180
100..300;12;124935820;CT;C;0.9367089867591858;140
100..300;12;124935828;G;T;0.0632911026477813;130
100..300;12;124935828;T;TA;0.0632911026477813;130
100..300;12;124954070;C;A;0.1262629926204681;150
100..300;12;132054955;AT;A;0.0506329014897346;150
100..300;12;132054955;A;AT;0.1392409950494766;150
100..300;12;132606232;A;G;0.1424999982118606;290
100..300;13;24698732;T;C;0.1268880069255828;245
100..300;13;33054001;G;T;0.1387560069561004;175
100..300;13;33054056;C;G;0.1355929970741272;200
100..300;13;35827772;C;T;0.1156459972262382;110
100..300;13;42129546;C;T;0.1953119933605194;105
100..300;13;49551486;T;C;0.1437499970197677;120
100..300;13;49559963;C;T;0.125;195
100..300;13;49560014;G;A;0.1501709967851638;220
100..300;13;51799678;C;G;0.1459850072860717;105
100..300;13;98395734;A;G;0.1191340014338493;215
100..300;13;98888141;G;A;0.1832060068845749;100
100..300;13;98914181;A;G;0.1781609952449798;140
100..300;13;101067948;G;T;0.1377249956130981;130
100..300;13;106714750;ACTGCTGCTG;A;1.111109972000122;165
100..300;13;110206722;C;G;0.1948049962520599;130
100..300;13;110469273;T;C;0.124498002231121;180
100..300;13;110938918;A;G;0.1324499994516372;240
100..300;14;20060203;G;A;;140
100..300;14;20197681;A;G;0.1385139971971511;235
100..300;14;22634450;T;C;0.1132080033421516;245
100..300;14;30906116;T;A;0.2052980065345764;115
100..300;14;30912145;C;T;0.1237619966268539;145
100..300;14;34740685;A;G;0.1388889998197555;110
100..300;14;58371950;G;A;0.137363001704216;130
100..300;14;64564816;T;C;0.1342280060052871;110
100..300;14;66013050;C;A;0.1355009973049163;280
100..300;14;69229075;A;G;0.1666669994592666;105
100..300;14;69237836;T;G;0.1300809979438781;195
100..300;14;70013498;A;T;0.1818179935216903;145
100..300;14;70247264;G;A;0.1318680047988891;125
100..300;14;70247542;G;A;0.1474100053310394;135
100..300;14;73260801;G;T;0.104762002825737;130
100..300;14;73492999;CT;C;0.531915009021759;295
100..300;14;73492999;CTTT;C;0.0992908030748367;295
100..300;14;73492999;CTT;C;0.4539009928703308;295
100..300;14;73492999;C;CT;0.1276600062847137;295
100..300;14;94366459;A;G;0.1216930001974105;285
100..300;14;95452288;C;T;0.1293099969625473;170
100..300;14;98973311;A;G;0.1199999973177909;220
100..300;14;102434864;G;A;0.126922994852066;215
100..300;15;24508923;A;G;0.1381220072507858;130
100..300;15;25679947;G;C;0.1785710006952285;140
100..300;15;30005618;C;G;0.2477879971265792;110
100..300;15;31050541;T;C;0.1304350048303604;270
100..300;15;32101283;CT;C;2.466670036315918;140
100..300;15;32101283;CTT;C;0.2888889908790588;140
100..300;15;32101283;C;CT;0.0444444008171558;140
100..300;15;33601568;T;C;0.1273889988660812;110
100..300;15;41749514;A;G;0.1300809979438781;205
100..300;15;41846840;A;G;0.1304350048303604;155
100..300;15;42878595;G;A;0.1345449984073639;185
100..300;15;42878625;T;C;0.1291670054197311;170
100..300;15;43369604;C;T;0.1333329975605011;155
100..300;15;43432448;G;T;0.1292130053043365;145
100..300;15;43524719;A;G;0.120567001402378;215
100..300;15;47765874;A;G;0.1923079937696457;170
100..300;15;54321483;T;C;0.1312499940395355;115
100..300;15;63630553;A;T;0.1132080033421516;190
100..300;15;63640314;C;G;0.1204819977283477;180
100..300;15;63642950;G;A;0.2296299934387207;110
100..300;15;63645010;G;C;0.2380950003862381;110
100..300;15;63703224;T;C;0.2020729929208755;155
100..300;15;89625462;A;T;0.121018998324871;250
100..300;15;99792594;C;A;0.4857139885425567;180
100..300;15;99792602;T;C;0.5071430206298828;175
100..300;16;274052;G;A;0.1278409957885742;265
100..300;16;583353;C;T;0.1142859980463981;265
100..300;16;583354;A;G;0.1142859980463981;265
100..300;16;682287;G;GC;0.1502590030431747;150
100..300;16;6913969;T;C;0.0843373015522956;120
100..300;16;10907886;A;G;0.1162789985537529;170
100..300;16;11556469;A;G;0.1198500022292137;205
100..300;16;11875867;C;G;0.1048950031399726;210
100..300;16;13948101;C;T;0.1289310008287429;265
100..300;16;55460772;G;C;;145
100..300;16;56633330;A;T;0.122698999941349;255
100..300;16;56636996;A;AT;0.1282889991998672;295
100..300;16;56677646;T;C;0.1136360019445419;220
100..300;16;57998122;A;G;0.1640380024909973;250
100..300;16;74465691;A;G;0.1428570002317428;140
100..300;16;75236823;A;C;0.1194029971957206;200
100..300;16;78574199;C;T;0.1257310062646865;245
100..300;16;81476117;C;T;0.1635220050811767;250
100..300;16;87644538;C;T;0.120846003293991;255
100..300;16;89198693;A;C;0.0684211030602455;240
100..300;17;3278090;T;C;0.1185190007090568;205
100..300;17;3732474;C;A;0.1207550019025802;200
100..300;17;3753865;T;C;0.1318330019712448;225
100..300;17;5583844;G;C;0.1575340032577514;220
100..300;17;7496547;A;G;0.1277370005846023;205
100..300;17;7564960;T;C;0.1327009946107864;165
100..300;17;7630399;C;T;0.1319440007209777;110
100..300;17;10328100;T;C;0.135245993733406;185
100..300;17;10795417;T;G;0.1566269993782043;135
100..300;17;10795437;A;T;0.1602559983730316;130
100..300;17;11834621;A;G;0.1528660058975219;125
100..300;17;11834624;T;C;0.1528660058975219;125
100..300;17;18155207;T;C;0.1280490010976791;245
100..300;17;18156180;T;C;0.152318000793457;115
100..300;17;30451799;C;T;0.1187739968299865;185
100..300;17;32369277;A;G;0.0779220983386039;225
100..300;17;35363600;T;G;0.1261679977178573;180
100..300;17;40834751;C;T;0.1133330017328262;225
100..300;17;40978955;G;A;0.1871660053730011;295
100..300;17;41478373;G;A;0.1405230015516281;225
100..300;17;41487394;A;G;0.1564420014619827;250
100..300;17;41727420;A;G;0.1271190047264099;175
100..300;17;43917426;T;C;0.1277530044317245;180
100..300;17;50353671;A;G;0.1305969953536987;205
100..300;17;50378624;T;A;0.1486490070819854;170
100..300;17;50397140;A;G;0.1699350029230117;120
100..300;17;56950489;C;T;0.1186439990997314;215
100..300;17;57739471;C;T;0.1597940027713775;155
100..300;17;68542098;T;G;0.1232390031218528;205
100..300;17;73200670;G;A;0.1304350048303604;160
100..300;17;73209715;G;A;0.119718000292778;210
100..300;17;73236668;C;T;;210
100..300;17;73242877;T;C;0.1543619930744171;110
100..300;17;74473819;G;A;0.1239669993519783;260
100..300;17;78437817;A;G;16.0;200
100..300;17;82127757;G;A;0.1714289933443069;175
100..300;17;82127827;T;G;0.1412640064954757;195
100..300;17;82128510;T;C;0.1355140060186386;160
100..300;17;82128513;T;C;0.1355140060186386;165
100..300;17;82128519;C;T;0.1460179984569549;170
100..300;17;82965660;T;C;0.112245000898838;220
100..300;17;83048753;T;C;0.1300310045480728;245
100..300;18;6985508;A;G;;115
100..300;18;11610164;C;G;;175
100..300;18;50276984;T;C;0.1291510015726089;210
100..300;18;55403683;A;G;0.1700679957866668;115
100..300;18;57697598;A;G;0.234043002128601;115
100..300;18;62443051;C;T;0.1351349949836731;240
100..300;18;63532717;C;G;0.2083330005407333;150
100..300;18;63933150;T;C;0.2040819972753524;190
100..300;18;74556356;GTGC;G;0.155689001083374;135
100..300;18;79968135;T;G;0.1434780061244964;170
100..300;19;731077;C;G;0.125;150
100..300;19;731078;T;G;0.125;150
100..300;19;8729090;CT;C;0.1241379976272583;250
100..300;19;14799628;A;G;;280
100..300;19;15647117;C;T;0.1822029948234558;195
100..300;19;15658815;G;A;0.1210760027170181;165
100..300;19;32996165;T;G;1.571429967880249;210
100..300;19;33624642;C;T;0.1306309998035431;170
100..300;19;34093232;G;A;0.1488669961690902;235
100..300;19;35780237;T;C;0.1280490010976791;130
100..300;19;40822291;T;C;0.1654410064220428;195
100..300;19;41116284;A;G;0.139610007405281;240
100..300;19;43195265;G;A;0.1367920041084289;160
100..300;19;43205467;T;C;0.1529749929904937;185
100..300;19;43205495;A;G;0.1757110059261322;220
100..300;19;45621273;A;G;0.1288660019636154;140
100..300;19;51003764;G;T;0.1459230035543441;170
100..300;19;53289789;A;G;0.1505379974842071;275
100..300;19;53804068;A;G;;230
100..300;19;53804068;T;G;;230
100..300;19;56442216;C;T;0.1607140004634857;175
100..300;19;57445460;G;T;0.12568299472332;135
100..300;19;58067210;T;C;0.1229510009288787;280
100..300;19;58416932;T;A;0.0904522985219955;270
100..300;2;1839196;C;T;0.0803570970892906;150
100..300;2;3606252;A;C;0.128491997718811;255
100..300;2;10772593;A;G;0.1284399926662445;155
100..300;2;10820826;A;G;0.1218490004539489;170
100..300;2;17284808;G;A;0.1383650004863739;120
100..300;2;17385367;G;A;0.1336899995803833;150
100..300;2;20858504;A;G;0.2080000042915344;100
100..300;2;21028042;A;G;0.125;100
100..300;2;24841324;A;G;0.1428570002317428;135
100..300;2;26280007;C;T;0.1285710036754608;100
100..300;2;27056145;G;A;0.1390729993581771;115
100..300;2;28632091;T;C;0.1230280026793479;230
100..300;2;28642894;C;T;0.1187739968299865;195
100..300;2;39615000;C;G;0.180645003914833;115
100..300;2;52571655;C;G;0.1138209998607635;180
100..300;2;54255852;T;C;0.1205210015177726;240
100..300;2;55881747;C;T;0.1402440071105957;120
100..300;2;63622357;C;T;0.1437129974365234;265
100..300;2;64100410;T;G;0.1929820030927658;125
100..300;2;64100458;C;T;0.1928929984569549;145
100..300;2;71124357;A;G;0.1277959942817688;245
100..300;2;74754838;G;A;0.1451610028743744;100
100..300;2;85698544;A;G;0.117646999657154;230
100..300;2;94871823;T;C;0.0612245015799999;275
100..300;2;98228211;G;C;0.1180559992790222;105
100..300;2;101011463;T;C;0.1111110001802444;190
100..300;2;101022366;T;C;0.1320129930973053;225
100..300;2;101068666;T;C;0.1401270031929016;115
100..300;2;102226007;C;T;0.1202189996838569;130
100..300;2;102384942;T;C;0.1222219988703727;125
100..300;2;102478945;A;G;0.1269350051879882;240
100..300;2;108247194;C;A;0.125;105
100..300;2;112647131;A;G;0.1328119933605194;195
100..300;2;127637301;A;C;0.1046509966254234;130
100..300;2;127637302;CT;C;0.1046509966254234;130
100..300;2;127637302;T;C;0.1046509966254234;130
100..300;2;127738071;A;G;0.1272729933261871;115
100..300;2;137663426;G;A;0.161764994263649;105
100..300;2;151531039;C;T;0.1516389995813369;170
100..300;2;161504064;C;T;0.1306309998035431;140
100..300;2;161506555;A;G;0.1285710036754608;220
100..300;2;161839904;T;C;0.1666669994592666;180
100..300;2;165679408;T;C;0.1300809979438781;200
100..300;2;169531430;A;G;0.1212119981646537;165
100..300;2;172595912;C;T;0.1522839963436126;145
100..300;2;173263785;T;C;0.1436170041561126;145
100..300;2;176242364;C;G;0.136691004037857;110
100..300;2;185796946;G;A;0.2352939993143081;125
100..300;2;207681666;C;A;0.1410260051488876;135
100..300;2;214767531;T;C;;130
100..300;2;217427418;C;T;0.1294959932565689;105
100..300;2;217427435;G;C;;110
100..300;2;223765159;CCAT;C;3.0;120
100..300;2;223765159;CCATCAT;C;26.0;120
100..300;2;233585867;A;C;0.1173470020294189;115
100..300;2;233682323;G;A;0.6153849959373474;180
100..300;2;237760159;G;A;0.1742739975452423;190
100..300;2;237762685;G;A;0.1111110001802444;205
100..300;2;237824373;A;G;0.2297299951314926;115
100..300;20;2432479;T;C;;125
100..300;20;2860127;T;C;0.1183430030941963;130
100..300;20;25206577;A;G;0.1212119981646537;145
100..300;20;25213313;A;G;0.1180810034275055;195
100..300;20;25302308;G;A;0.122807003557682;165
100..300;20;33034277;A;G;0.1292520016431808;215
100..300;20;33068826;G;C;0.1405619978904724;185
100..300;20;33086040;G;A;0.1684210002422332;135
100..300;20;35004445;T;C;0.1288660019636154;160
100..300;20;35115804;T;C;0.1464170068502426;260
100..300;20;37179387;GCTTATAGACAGGGCCCCGCGGCCGGCACT;G;0.6049379706382751;165
100..300;20;46566265;G;C;0.1408450007438659;210
100..300;20;59035004;A;C;0.1428570002317428;110
100..300;20;61352974;A;G;0.1369860023260116;160
100..300;20;62273292;T;C;0.125;155
100..300;20;62289334;T;C;0.1148940026760101;170
100..300;20;62324150;T;C;0.1384620070457458;240
100..300;20;62388290;CT;C;0.1063830032944679;140
100..300;20;62388290;C;CT;0.1276600062847137;140
100..300;20;63564829;C;G;0.1460669934749603;210
100..300;20;63569223;A;G;;195
100..300;21;14967968;T;C;0.1534650027751922;165
100..300;21;17518892;G;A;0.1383929997682571;170
100..300;21;17796901;C;G;0.1208050027489662;125
100..300;21;19244974;T;G;0.125;160
100..300;21;19245707;C;T;0.1258279979228973;120
100..300;21;19246126;T;TA;0.1447370052337646;120
100..300;21;20425224;A;C;0.173333004117012;115
100..300;21;38253857;A;C;0.1388889998197555;105
100..300;21;39127809;T;G;0.273936003446579;265
100..300;21;42366403;T;C;0.1242239996790885;120
100..300;21;44305832;G;A;0.1500000059604644;145
100..300;21;46346225;C;T;0.1614580005407333;140
100..300;21;46346736;A;G;0.1283780038356781;120
100..300;21;46353189;A;C;0.1405230015516281;220
100..300;21;46391357;T;C;0.1310040056705474;175
100..300;21;46431839;G;A;0.1353850066661834;245
100..300;22;16857817;T;G;0.1884060055017471;160
100..300;22;16858151;A;G;;145
100..300;22;16859529;C;T;0.1729319989681244;105
100..300;22;16859749;T;C;0.1189190000295639;145
100..300;22;16859779;T;C;0.1658290028572082;165
100..300;22;17209519;A;G;0.1280000060796737;285
100..300;22;19060900;G;A;0.1515150070190429;140
100..300;22;24748945;T;C;0.1345030069351196;140
100..300;22;25357354;A;G;0.1408050060272216;255
100..300;22;32272384;A;G;0.1206229999661445;200
100..300;22;32415965;G;A;0.1428570002317428;125
100..300;22;37185445;A;C;0.1453489959239959;135
100..300;22;37374026;T;G;0.1784510016441345;235
100..300;22;50573504;C;T;;110
100..300;22;50573508;G;A;;120
100..300;3;4316526;G;A;0.1179250031709671;165
100..300;3;9878454;C;G;0.1169809997081756;190
100..300;3;16728589;T;C;0.1234569996595382;120
100..300;3;19905613;C;A;0.1411039978265762;120
100..300;3;19933647;T;C;0.141631007194519;185
100..300;3;46688267;G;C;0.1124259978532791;125
100..300;3;48621034;A;C;0.1360950022935867;130
100..300;3;48641538;G;T;0.1739130020141601;110
100..300;3;48643620;T;C;0.1576350033283233;145
100..300;3;48653883;C;T;0.1356589943170547;205
100..300;3;48662086;T;C;0.1158540025353431;275
100..300;3;49256817;A;C;0.1065090000629425;265
100..300;3;49284594;A;T;0.1266669929027557;115
100..300;3;49417897;T;C;0.1178160011768341;245
100..300;3;49664550;A;G;0.1386139988899231;145
100..300;3;49676792;C;T;0.1285710036754608;160
100..300;3;52506757;C;T;0.1637009978294372;215
100..300;3;53229263;G;A;0.1380600035190582;210
100..300;3;59502614;C;T;0.1150439977645874;160
100..300;3;63996406;A;G;0.1294499933719635;235
100..300;3;69033722;T;G;0.125;110
100..300;3;78614806;A;G;0.1382980048656463;140
100..300;3;98065331;A;C;0.179309993982315;115
100..300;3;98548445;T;C;0.1193180009722709;125
100..300;3;101366569;A;G;0.1219509989023208;190
100..300;3;122635190;G;A;0.1182800009846687;140
100..300;3;122635869;T;C;0.1229050010442733;135
100..300;3;122662270;T;C;0.1342590004205703;160
100..300;3;123915199;A;G;0.1788990050554275;175
100..300;3;123947055;G;T;0.1879699975252151;210
100..300;3;130440791;A;G;0.1242239996790885;125
100..300;3;136001698;G;A;0.1395349949598312;170
100..300;3;136854598;G;A;0.1089110001921653;155
100..300;3;149474889;A;G;0.1544719934463501;185
100..300;3;149741554;G;A;0.1567569971084594;135
100..300;3;149750743;G;T;0.1704549938440323;135
100..300;3;152340660;G;A;0.1290320008993148;180
100..300;3;152836568;G;A;0.1320129930973053;235
100..300;3;156810476;T;C;0.1533550024032592;240
100..300;3;169122674;C;T;0.1472080051898956;145
100..300;3;172648042;G;T;0.1201300024986267;235
100..300;3;183494118;G;A;0.1486490070819854;165
100..300;3;184328682;T;C;0.1172410026192665;215
100..300;3;184581379;C;T;0.1308410018682479;255
100..300;3;191357084;G;C;0.1315789967775344;110
100..300;3;191375521;G;A;0.1188519969582557;180
100..300;3;196943223;GAC;G;0.1151079982519149;195
100..300;3;198119765;A;C;0.5395190119743347;190
100..300;4;4197907;T;A;0.1090340018272399;235
100..300;4;37960565;C;G;0.1236359998583793;215
100..300;4;38773268;C;T;0.1368419975042343;140
100..300;4;38773419;G;A;0.1148329973220825;175
100..300;4;38774486;G;T;0.1275169998407364;120
100..300;4;38774870;G;T;0.1304350048303604;125
100..300;4;38828729;G;A;0.114155001938343;170
100..300;4;39115291;C;T;0.1254130005836486;215
100..300;4;61934836;A;G;0.1517239958047866;105
100..300;4;69107234;T;C;0.1170210018754005;110
100..300;4;69214257;G;A;0.1410260051488876;115
100..300;4;69410946;T;C;0.1321839988231659;120
100..300;4;70249239;T;G;0.1382980048656463;220
100..300;4;71752617;C;A;0.1235290020704269;125
100..300;4;72567405;G;GA;0.1937170028686523;155
100..300;4;76271715;A;G;0.1397060006856918;100
100..300;4;76739578;G;C;0.1419139951467514;240
100..300;4;78526609;C;T;0.1333329975605011;150
100..300;4;78534560;G;C;0.1644739955663681;110
100..300;4;78534579;T;C;0.1865669935941696;100
100..300;4;79984837;T;G;0.1478870064020156;190
100..300;4;82661058;G;C;0.1490380018949508;165
100..300;4;83309466;C;T;0.1790120005607605;125
100..300;4;94276369;T;C;0.1188120022416114;145
100..300;4;99583507;C;T;0.1122990027070045;135
100..300;4;101918130;A;G;0.1656049937009811;115
100..300;4;102025190;G;A;0.2627739906311035;120
100..300;4;103140836;G;C;0.1538459956645965;115
100..300;4;103161192;T;C;0.2397260069847107;120
100..300;4;116598211;C;T;0.1678829938173294;115
100..300;4;116598343;C;T;0.1402209997177124;215
100..300;4;116598397;T;C;0.1331170052289962;240
100..300;4;129003822;A;C;0.1533329933881759;105
100..300;4;129102604;T;A;0.1836729943752288;150
100..300;4;137448289;T;A;0.1465519964694976;100
100..300;4;140461967;T;A;0.1942449957132339;110
100..300;4;153703504;C;T;0.1691180020570755;115
100..300;4;153710435;G;C;0.2058819979429245;135
100..300;4;153712582;C;G;0.136363998055458;125
100..300;4;155214524;T;C;0.1130139976739883;230
100..300;4;155381191;T;A;0.1455699950456619;115
100..300;4;168448711;T;A;0.1234569996595382;115
100..300;4;168742464;G;T;0.1290320008993148;110
100..300;4;176192613;C;A;0.1240879967808723;100
100..300;4;176192685;T;C;0.1323529928922653;150
100..300;4;184710184;G;A;0.1212119981646537;125
100..300;4;184764878;T;C;0.1238100007176399;155
100..300;4;186617788;G;T;6.315790176391602;170
100..300;5;1225573;C;T;;205
100..300;5;34998772;A;C;0.123710997402668;150
100..300;5;41008678;G;A;0.1198349967598915;170
100..300;5;42699942;G;A;0.1151520013809204;115
100..300;5;64695646;C;G;0.1319800019264221;150
100..300;5;73849020;G;A;0.1654140055179596;100
100..300;5;76627460;T;C;0.1605499982833862;160
100..300;5;79732903;G;A;0.1435189992189407;180
100..300;5;79733771;C;T;0.2411759942770004;150
100..300;5;80519839;C;T;0.1319440007209777;220
100..300;5;90855813;G;C;0.1736530065536499;125
100..300;5;98576447;T;C;0.1784040033817291;175
100..300;5;113340327;G;C;0.1676300019025802;140
100..300;5;113434330;G;T;0.1355420053005218;250
100..300;5;138164976;A;G;0.1485510021448135;220
100..300;5;138398202;G;A;0.114155001938343;165
100..300;5;140137463;G;A;0.109375;130
100..300;5;141150948;A;G;0.1666669994592666;260
100..300;5;141183164;A;G;0.1295180022716522;260
100..300;5;146458877;A;G;0.1749999970197677;105
100..300;5;150129707;G;A;0.1156719997525215;215
100..300;5;152376455;T;G;0.256410002708435;125
100..300;5;172915026;GT;G;0.1219509989023208;145
100..300;5;174336337;C;G;;135
100..300;5;174336337;T;G;;135
100..300;5;177509645;T;C;;270
100..300;6;6269065;C;G;0.1308899968862533;150
100..300;6;26370377;C;T;0.1375660002231598;295
100..300;6;29801286;A;T;0.1237460002303123;225
100..300;6;29828326;C;T;0.1210760027170181;195
100..300;6;29828338;C;A;0.1421049982309341;170
100..300;6;29828349;AC;A;0.1381579935550689;160
100..300;6;29828375;C;G;0.1532849967479705;130
100..300;6;29828529;A;G;0.1254750043153762;215
100..300;6;29829919;G;A;0.1455029994249344;265
100..300;6;29890476;A;G;0.0638298019766807;130
100..300;6;31271324;T;G;;145
100..300;6;31275763;A;G;0.1240309998393058;100
100..300;6;31276107;A;G;0.1823199987411499;150
100..300;6;31278547;C;A;0.1244020015001297;165
100..300;6;31356889;C;A;3.200000047683716;135
100..300;6;31356934;C;A;0.4000000059604645;215
100..300;6;32288641;C;T;0.1188810020685195;100
100..300;6;32325478;C;G;0.1174380034208297;205
100..300;6;32349858;A;G;0.234043002128601;110
100..300;6;32662091;G;A;0.234043002128601;205
100..300;6;36677919;G;A;0.1288660019636154;145
100..300;6;36684562;G;C;0.1590909957885742;105
100..300;6;49728760;T;G;0.1702129989862442;110
100..300;6;54321349;C;T;0.1643189936876297;150
100..300;6;56606852;T;C;0.125;130
100..300;6;56607197;T;C;0.1470589935779571;135
100..300;6;64912570;G;A;0.2163739949464798;135
100..300;6;65295995;T;C;0.1306820064783096;130
100..300;6;70859387;C;T;0.2178220003843307;150
100..300;6;89329951;C;G;0.1198159977793693;160
100..300;6;89693121;G;C;0.2056739926338195;200
100..300;6;99371503;C;T;0.1917099952697754;145
100..300;6;99867151;G;A;0.1418440043926239;100
100..300;6;100516271;C;G;0.1150000020861625;140
100..300;6;107721012;T;C;;120
100..300;6;109196503;A;G;0.1588239967823028;130
100..300;6;109286353;A;G;0.1676300019025802;130
100..300;6;131819939;CT;C;0.2417580038309097;110
100..300;6;131819939;C;CT;0.1098899990320205;110
100..300;6;147314249;G;C;0.171875;100
100..300;6;147314277;G;A;0.1307190060615539;115
100..300;6;158763430;G;A;0.1214059963822364;230
100..300;6;160722576;C;T;0.1197599992156028;120
100..300;6;160731208;A;G;0.1309520006179809;130
100..300;6;162569040;G;A;0.1225809976458549;115
100..300;6;167040031;AT;A;7.86667013168335;135
100..300;6;167040031;ATT;A;1.600000023841858;135
100..300;6;167040031;A;AT;0.5333330035209656;135
100..300;6;167315287;A;G;0.0847458019852638;125
100..300;6;169762419;C;A;0.1907889991998672;120
100..300;6;170569705;C;T;0.1369860023260116;160
100..300;7;256773;A;G;0.1846150010824203;105
100..300;7;5352071;G;C;0.1620370000600814;165
100..300;7;5357084;C;T;0.1156070008873939;260
100..300;7;12471686;A;G;0.1343279927968979;160
100..300;7;22438588;T;G;0.168066993355751;175
100..300;7;42172590;C;T;0.1194029971957206;290
100..300;7;43942742;A;G;0.1333329975605011;120
100..300;7;43965914;A;G;0.1639340072870254;115
100..300;7;45101315;T;C;0.2176470011472702;140
100..300;7;47873982;A;G;;180
100..300;7;51600444;A;G;0.1491529941558838;215
100..300;7;51600494;A;G;0.1730100065469741;215
100..300;7;51600578;T;C;0.168831005692482;125
100..300;7;63893284;T;C;0.1178859993815422;195
100..300;7;64266267;C;T;0.1862750053405761;175
100..300;7;64266300;A;T;0.15625;190
100..300;7;64706424;T;G;0.1224490031599998;145
100..300;7;66423583;A;C;0.1230159997940063;195
100..300;7;87521774;C;T;0.1374409943819046;170
100..300;7;128677828;C;T;0.1338029950857162;115
100..300;7;135643362;T;C;0.1428570002317428;105
100..300;7;141664912;A;G;0.1265430003404617;240
100..300;7;142384603;T;G;0.1554619967937469;195
100..300;7;142384737;C;A;0.1462689936161041;260
100..300;7;142384802;G;A;0.125;240
100..300;7;142384825;T;C;0.126811996102333;205
100..300;7;142563803;A;G;0.1181820034980773;160
100..300;7;142563940;T;C;0.1217390000820159;185
100..300;7;142615809;G;C;0.1208790019154548;125
100..300;7;142619093;T;C;0.1290320008993148;135
100..300;8;10532942;T;C;0.1231670007109642;240
100..300;8;11549084;C;T;0.1455219984054565;195
100..300;8;12728755;C;A;0.1666669994592666;125
100..300;8;17538871;A;G;0.1315789967775344;135
100..300;8;17538906;C;G;0.1555559933185577;130
100..300;8;30843082;C;T;0.3157890141010284;105
100..300;8;32738425;TAC;T;21.0;120
100..300;8;38425145;CT;C;0.0625;140
100..300;8;38425145;C;CT;0.1319440007209777;140
100..300;8;100140796;A;G;0.1490380018949508;165
100..300;8;124567749;T;C;0.1188519969582557;180
100..300;8;138630731;C;T;0.1386550068855285;175
100..300;8;139618747;G;A;0.125;265
100..300;8;140523729;T;C;0.128712996840477;155
100..300;9;2029199;A;G;0.1343279927968979;150
100..300;9;6012734;C;A;0.1555559933185577;175
100..300;9;14775861;A;G;0.1563979983329773;165
100..300;9;14816831;C;G;0.1126760020852088;195
100..300;9;18775812;A;C;0.1335500031709671;220
100..300;9;18777424;A;G;0.1459230035543441;185
100..300;9;21077717;A;G;0.185929998755455;160
100..300;9;33354072;T;TTTTTA;0.1488099992275238;125
100..300;9;36013202;A;G;0.1678829938173294;105
100..300;9;72432145;G;C;0.1233770027756691;110
100..300;9;74800368;C;A;0.1857710033655166;190
100..300;9;76704005;G;A;0.1769910007715225;185
100..300;9;76707152;T;G;0.1434430032968521;195
100..300;9;76709825;C;T;0.1634240001440048;215
100..300;9;77339629;C;T;0.1173179969191551;140
100..300;9;77369316;C;T;0.1405410021543502;135
100..300;9;87885490;C;A;0.159509003162384;260
100..300;9;87886533;A;C;0.1142859980463981;245
100..300;9;87887904;C;T;0.1323529928922653;270
100..300;9;92474742;CTCA;C;3.5;150
100..300;9;97432124;C;T;0.1521739959716797;135
100..300;9;99306630;T;C;0.1612900048494339;110
100..300;9;99833403;T;C;0.125;155
100..300;9;101623429;T;C;0.0945945978164672;100
100..300;9;111692264;C;T;0.132530003786087;130
100..300;9;113354346;A;C;0.1000000014901161;185
100..300;9;114002003;T;C;0.1486490070819854;155
100..300;9;114240237;T;C;0.1259540021419525;195
100..300;9;114403926;T;G;0.1467889994382858;245
100..300;9;116344602;A;C;0.1530610024929046;140
100..300;9;124021154;C;G;0.1125399991869926;230
100..300;9;124467839;T;C;0.1493210047483444;165
100..300;9;125150878;T;C;0.1302080005407333;160
100..300;9;125213375;T;C;0.1292130053043365;130
100..300;9;126989960;T;C;0.1164020001888275;130
100..300;9;128222476;T;C;0.1107140034437179;205
100..300;9;131525948;A;C;;205
100..300;9;131525948;T;C;;205
100..300;9;134909570;C;T;0.121127001941204;275
100..300;9;134909954;C;T;0.1353379935026168;195
100..300;9;135548708;C;G;0.1082350015640258;275
100..300;9;135548716;T;C;0.1095239967107772;280
100..300;9;137032730;A;G;0.1304350048303604;120
≥300;11;124038635;A;G;0.1581200063228607;335
≥300;12;124402512;GGCT;G;2.42044997215271;.
≥300;13;75240208;A;C;0.1253129988908767;310
≥300;14;94290457;C;T;0.1104419976472854;.
≥300;18;62442484;T;C;0.1111110001802444;300
≥300;19;54278869;A;G;0.1426279991865158;.
≥300;2;167713948;C;T;0.1277109980583191;335
≥300;21;44550929;A;G;0.1225029975175857;.
≥300;21;44647267;T;C;0.0879999995231628;.
≥300;22;37375118;A;G;0.1132529973983764;310
≥300;3;48660221;G;C;0.1216220036149025;340
≥300;3;156810612;A;G;0.1353379935026168;305
≥300;5;140788485;G;A;0.1166670024394989;.
≥300;5;140788566;T;G;0.1207209974527359;.
≥300;5;140795037;A;G;0.1317069977521896;335
≥300;5;140803473;A;G;0.1203159987926483;.
≥300;6;26370479;C;T;0.1584160029888153;315
≥300;6;29745688;C;T;0.1435289978981018;320
≥300;6;29926629;A;C;0.1232229992747306;315
≥300;6;29926630;A;G;0.1232229992747306;315
≥300;6;29926807;A;C;0.0862068980932235;340
≥300;6;31111867;A;G;0.0763889029622078;.
≥300;6;31148469;A;G;0.1183290034532547;315
≥300;6;31271672;G;C;0.4799999892711639;.
≥300;6;31271825;A;G;0.3488369882106781;.
≥300;6;31271839;A;C;0.6363639831542969;320
≥300;6;31271840;T;G;0.6363639831542969;320
≥300;6;31271844;A;T;0.6363639831542969;310
≥300;6;31271853;T;C;0.2333330065011978;300
≥300;6;31356367;A;T;0.1111110001802444;.
≥300;6;31356374;T;C;0.5;.
≥300;6;32293730;C;T;0.1640619933605194;315
≥300;6;33080829;C;G;0.1111110001802444;.
≥300;9;81992843;A;T;0.1191010028123855;340
≥300;9;134909468;G;A;0.1235430017113685;320
