coverage;chromosome;position;alt_allele;ref_allele;Coverage
1..10;1;1273548;A;C;5
1..10;1;1534218;G;C;1
1..10;1;1534219;C;G;1
1..10;1;1535167;T;G;1
1..10;1;2611463;G;C;1
1..10;1;19644162;A;C;1
1..10;1;36385872;T;C;1
1..10;1;54980798;T;G;1
1..10;1;63774382;T;G;5
1..10;1;110049425;G;C;1
1..10;1;150974682;A;C;5
1..10;1;150974891;G;A;5
1..10;1;166166811;T;C;1
1..10;1;212432904;T;G;1
1..10;1;228406084;A;C;1
1..10;1;237042274;A;G;1
1..10;10;21173928;A;G;1
1..10;10;25934243;C;T;1
1..10;10;96720387;A;G;1
1..10;10;98030817;T;G;1
1..10;11;18012756;G;A;1
1..10;11;46332938;T;G;1
1..10;11;62612789;G;C;1
1..10;11;65108617;T;C;1
1..10;11;72244172;A;C;1
1..10;11;76380725;A;C;1
1..10;11;117204751;A;G;1
1..10;11;124747100;A;C;1
1..10;11;124747105;A;C;5
1..10;12;31590781;T;C;1
1..10;12;51287941;A;G;5
1..10;12;51820974;T;C;1
1..10;12;52055933;A;C;1
1..10;12;57529427;A;C;1
1..10;12;69822549;G;A;5
1..10;12;88077864;C;T;5
1..10;12;93572138;T;G;5
1..10;14;23365350;A;G;1
1..10;14;29927480;G;A;5
1..10;14;55129206;A;G;1
1..10;14;70188793;T;C;5
1..10;14;100159755;T;C;1
1..10;14;101983689;T;G;5
1..10;14;105300683;T;G;1
1..10;15;41493919;A;C;1
1..10;15;45378532;A;C;5
1..10;15;50765422;A;C;1
1..10;15;55408488;T;G;1
1..10;15;63153725;A;T;5
1..10;15;74956735;T;G;1
1..10;15;78131473;A;G;1
1..10;15;83284381;A;C;1
1..10;16;715783;T;G;1
1..10;16;11668394;A;C;1
1..10;17;4868927;T;A;1
1..10;17;7394556;A;C;1
1..10;17;19378633;A;G;5
1..10;17;38510533;A;C;1
1..10;17;38674875;A;G;1
1..10;17;38702152;T;G;1
1..10;17;41764580;C;T;5
1..10;17;45429787;T;C;1
1..10;17;57988290;T;G;1
1..10;17;63446192;A;C;1
1..10;17;75525668;G;A;1
1..10;17;81902280;A;G;1
1..10;17;82229156;T;C;1
1..10;18;5895857;A;G;1
1..10;18;59269283;A;G;1
1..10;18;59269293;G;C;1
1..10;18;75196639;T;A;1
1..10;19;1881419;T;C;1
1..10;19;3061408;T;C;1
1..10;19;4123665;A;C;5
1..10;19;6413964;A;T;1
1..10;19;11058090;A;G;1
1..10;19;33796891;T;G;1
1..10;19;39502906;A;C;1
1..10;19;39833314;A;G;1
1..10;19;44906333;G;A;5
1..10;19;45711023;C;CT;5
1..10;19;47472077;T;G;1
1..10;19;48443081;G;A;1
1..10;19;48960209;C;T;5
1..10;19;53909448;A;G;1
1..10;19;58350683;A;C;5
1..10;2;15942598;A;G;1
1..10;2;17754241;C;T;1
1..10;2;20623686;G;A;5
1..10;2;25131219;G;A;5
1..10;2;27495187;G;C;1
1..10;2;32947086;T;C;5
1..10;2;36598027;C;T;1
1..10;2;54456502;A;C;1
1..10;2;113958788;A;G;5
1..10;2;119158001;A;C;1
1..10;2;180980409;A;C;1
1..10;2;200509879;T;G;1
1..10;2;236168168;A;C;1
1..10;2;237967115;A;C;1
1..10;2;241559298;G;A;1
1..10;2;241559311;C;T;1
1..10;20;462389;A;G;1
1..10;20;1895264;G;A;1
1..10;20;2800659;C;T;1
1..10;20;3229068;A;C;5
1..10;20;25390795;T;C;1
1..10;20;32018973;C;T;1
1..10;20;35384663;G;A;5
1..10;20;45307015;C;T;1
1..10;20;62760411;C;T;5
1..10;20;63521991;T;C;5
1..10;22;17120810;A;G;5
1..10;22;31630851;T;C;1
1..10;22;37560446;T;G;1
1..10;3;8746678;G;C;1
1..10;3;12967512;A;C;1
1..10;3;18425310;A;C;5
1..10;3;129279087;T;C;1
1..10;3;164978992;A;G;5
1..10;3;197003168;T;G;1
1..10;4;6674344;T;G;1
1..10;4;7760698;C;T;1
1..10;5;50741892;T;C;1
1..10;5;59039532;G;A;1
1..10;5;62387978;C;T;1
1..10;5;131949966;T;A;5
1..10;5;141878113;A;G;1
1..10;6;170584498;T;G;1
1..10;7;1459510;T;C;1
1..10;7;71132263;A;G;1
1..10;7;100827305;C;T;1
1..10;8;8893616;A;C;1
1..10;8;11332172;G;A;5
1..10;8;11332187;C;A;5
1..10;9;97854603;A;G;1
1..10;9;98709165;A;C;5
1..10;9;105245040;A;C;1
1..10;9;122941000;G;T;5
1..10;9;127754965;A;C;1
1..10;9;130395131;A;G;5
1..10;9;132589518;A;G;1
1..10;9;136364550;A;G;1
10..30;1;6104285;T;C;25
10..30;1;42564519;G;A;10
10..30;1;108200338;A;G;25
10..30;1;153297812;A;C;25
10..30;1;156676641;A;G;10
10..30;1;244461333;C;G;10
10..30;10;44994747;T;G;10
10..30;10;97379653;A;C;25
10..30;10;100999930;T;G;10
10..30;10;126019863;A;G;15
10..30;11;626056;T;C;25
10..30;11;1630383;C;T;10
10..30;11;1630385;G;A;10
10..30;11;34151200;T;C;10
10..30;11;47422722;A;C;25
10..30;11;48132418;G;C;25
10..30;11;113700088;A;C;20
10..30;11;128693999;A;C;10
10..30;12;49599396;C;T;25
10..30;12;52077347;A;C;15
10..30;12;52813822;A;G;15
10..30;12;121832370;T;C;20
10..30;12;132625790;A;G;25
10..30;12;133235457;T;C;15
10..30;13;110503866;G;A;10
10..30;13;112069191;T;G;20
10..30;14;20366991;C;T;20
10..30;14;64770799;A;G;20
10..30;15;22775953;A;G;20
10..30;15;42144599;A;G;20
10..30;15;63153726;A;C;10
10..30;16;547445;T;G;20
10..30;16;4337125;G;T;15
10..30;16;28063436;A;C;25
10..30;16;30948625;G;T;10
10..30;16;34158860;T;G;15
10..30;16;34158885;A;G;10
10..30;16;34158903;C;A;15
10..30;17;352747;A;C;25
10..30;17;20314752;C;G;20
10..30;17;29566777;A;C;15
10..30;17;38722316;A;C;20
10..30;17;42114043;T;C;20
10..30;17;43784879;A;C;25
10..30;17;44187966;A;C;25
10..30;17;47845703;T;C;15
10..30;17;58692589;A;C;15
10..30;17;62523208;A;AC;15
10..30;18;26454873;A;G;25
10..30;18;59139909;T;C;15
10..30;18;76378976;T;C;15
10..30;18;79372672;A;C;25
10..30;19;3468955;C;A;15
10..30;19;4400319;A;C;25
10..30;19;11454469;T;TTC;10
10..30;19;15428208;A;G;10
10..30;19;17580538;T;C;25
10..30;19;19320615;G;T;25
10..30;19;19732743;A;C;15
10..30;19;34772903;T;C;15
10..30;19;46304127;G;C;10
10..30;19;46720151;T;G;15
10..30;2;105893451;T;C;20
10..30;2;109129582;G;C;10
10..30;2;159286557;T;C;25
10..30;2;218341608;A;G;25
10..30;2;240725383;T;C;20
10..30;20;2840955;A;C;20
10..30;20;62760415;C;A;10
10..30;20;63700910;G;C;20
10..30;21;10414883;T;A;10
10..30;21;10414951;C;T;15
10..30;21;16160574;A;C;25
10..30;21;39313065;A;C;20
10..30;21;46146391;G;A;15
10..30;22;17189985;A;C;25
10..30;22;38485697;A;T;10
10..30;22;41359915;G;T;10
10..30;3;125084044;T;C;25
10..30;3;126500847;T;C;25
10..30;4;1735010;C;T;15
10..30;4;56930569;A;C;15
10..30;5;115269813;T;C;15
10..30;5;150220716;A;T;15
10..30;8;38382160;A;G;10
10..30;9;127732512;T;C;20
10..30;9;128714701;A;G;25
10..30;9;129810346;G;T;20
10..30;9;130426008;T;C;20
30..50;1;1072052;A;G;40
30..50;1;6464308;A;C;40
30..50;1;18956336;T;C;30
30..50;1;43996800;A;C;40
30..50;1;51295559;A;C;35
30..50;1;52686900;A;G;35
30..50;1;110201226;T;C;30
30..50;1;153615292;A;C;40
30..50;1;167425550;A;T;45
30..50;1;173669831;A;G;35
30..50;1;247530980;T;G;30
30..50;10;6089597;A;C;45
30..50;10;68283016;A;G;45
30..50;10;92691454;A;G;30
30..50;11;555849;A;G;45
30..50;11;617049;G;A;45
30..50;11;2414196;A;G;40
30..50;11;10807453;A;C;35
30..50;11;17373717;A;C;40
30..50;11;57369550;T;G;30
30..50;11;77130758;C;T;40
30..50;11;77194680;T;C;30
30..50;12;6555856;T;C;45
30..50;12;24583667;G;A;35
30..50;12;47782881;C;T;40
30..50;12;50108088;A;G;30
30..50;12;85836516;A;C;30
30..50;12;92706481;A;C;45
30..50;12;116428309;C;A;35
30..50;12;119641255;T;G;40
30..50;12;121444045;A;G;45
30..50;12;132807352;A;C;30
30..50;13;20229645;A;G;45
30..50;13;112071141;T;G;45
30..50;14;24184631;A;C;30
30..50;15;40744121;A;C;30
30..50;15;45175395;G;T;45
30..50;15;68278159;A;G;35
30..50;15;74839496;G;A;40
30..50;16;274075;A;G;30
30..50;16;3058941;A;C;30
30..50;16;4609762;A;C;30
30..50;16;20741493;C;A;30
30..50;17;5439144;A;G;30
30..50;17;27294262;T;G;35
30..50;17;38559758;A;C;35
30..50;17;42304638;T;G;35
30..50;17;58488031;A;G;30
30..50;17;63698432;A;C;35
30..50;17;67826061;A;C;45
30..50;18;58671445;A;C;45
30..50;18;76443044;C;T;45
30..50;18;79527820;T;G;30
30..50;18;80047043;C;G;30
30..50;19;4154913;T;C;35
30..50;19;6707465;A;C;40
30..50;19;11323817;A;C;30
30..50;19;36214883;G;C;30
30..50;19;40451408;T;C;45
30..50;19;45783549;C;T;40
30..50;19;54338236;A;C;30
30..50;2;24210886;T;C;35
30..50;2;39120444;T;G;35
30..50;2;96848526;A;C;30
30..50;2;131043419;T;C;40
30..50;2;241227515;A;C;40
30..50;20;2749436;A;C;40
30..50;21;43983515;A;G;45
30..50;22;38755940;A;C;30
30..50;3;43690785;G;A;40
30..50;3;125084037;G;A;30
30..50;3;196829796;A;G;45
30..50;3;196948611;T;G;35
30..50;4;1391707;A;G;45
30..50;4;2061008;T;C;30
30..50;4;20255099;A;G;35
30..50;4;169463228;T;C;35
30..50;5;157478704;C;T;30
30..50;6;152404118;T;C;30
30..50;7;2843995;A;C;45
30..50;7;40217400;C;A;45
30..50;7;40217401;A;G;45
30..50;7;123663409;C;T;35
30..50;7;129611745;A;G;40
30..50;8;28064363;T;C;45
30..50;8;38057097;C;T;35
30..50;8;38057098;C;G;35
30..50;8;42153025;A;C;45
30..50;8;80975719;T;G;40
30..50;8;99893094;A;G;40
30..50;9;76071731;A;C;35
30..50;9;112871199;T;C;45
50..100;1;1627057;G;C;70
50..100;1;3781124;A;C;85
50..100;1;8365898;T;C;60
50..100;1;11047139;A;G;90
50..100;1;11837535;G;A;90
50..100;1;16014373;G;C;80
50..100;1;16986321;A;C;70
50..100;1;20709680;C;G;85
50..100;1;20723517;A;G;70
50..100;1;23433635;T;A;70
50..100;1;25818014;A;G;65
50..100;1;26855355;A;G;60
50..100;1;29325727;A;G;80
50..100;1;37716492;A;T;75
50..100;1;43991070;T;C;65
50..100;1;52867543;C;G;95
50..100;1;54851614;A;G;80
50..100;1;62194851;A;T;80
50..100;1;98044882;G;A;85
50..100;1;110194718;T;G;85
50..100;1;117367492;T;C;50
50..100;1;145891850;A;G;70
50..100;1;147158568;G;A;80
50..100;1;151307547;A;T;90
50..100;1;155325164;G;A;90
50..100;1;156309173;G;T;60
50..100;1;203075647;A;G;75
50..100;1;203171918;A;C;85
50..100;1;204250539;A;C;75
50..100;1;236901241;A;C;55
50..100;1;244864017;A;G;80
50..100;10;275823;A;G;55
50..100;10;813138;T;G;85
50..100;10;13656767;C;T;80
50..100;10;29545176;A;C;55
50..100;10;29550584;G;A;90
50..100;10;30029108;T;C;55
50..100;10;75407659;A;G;85
50..100;10;84139502;A;G;90
50..100;10;97714683;A;C;90
50..100;10;102109992;A;G;70
50..100;10;102420808;T;C;70
50..100;10;116125439;A;G;55
50..100;10;120589082;A;G;60
50..100;10;131972904;T;G;90
50..100;10;132447690;A;G;65
50..100;11;9384679;A;C;70
50..100;11;10573836;T;C;50
50..100;11;11353269;A;C;95
50..100;11;12941464;A;T;70
50..100;11;34916266;A;G;85
50..100;11;34916337;A;G;80
50..100;11;59574642;A;T;55
50..100;11;60094077;A;G;90
50..100;11;61740459;T;TCAGCTGCTGTGAGCAGGAGGAGCCCACATACTTTGC;80
50..100;11;66438313;A;G;90
50..100;11;72232994;T;G;65
50..100;11;73236047;A;C;50
50..100;11;73396489;A;G;70
50..100;11;74730981;A;C;70
50..100;11;118401399;A;C;90
50..100;11;118435165;A;C;75
50..100;11;125582444;C;T;55
50..100;11;126205448;T;C;85
50..100;12;913312;T;G;75
50..100;12;6539933;T;G;95
50..100;12;11132991;G;T;65
50..100;12;11133004;A;T;80
50..100;12;11133013;C;A;90
50..100;12;49543448;C;A;60
50..100;12;50099248;A;C;80
50..100;12;50430449;G;A;85
50..100;12;52076880;A;G;75
50..100;12;57759140;T;C;75
50..100;12;62645549;A;G;80
50..100;12;95962615;G;A;95
50..100;12;103669480;A;C;95
50..100;12;103965899;G;A;55
50..100;12;112108763;A;C;70
50..100;12;112897501;C;T;75
50..100;12;120737096;C;T;50
50..100;12;121823550;A;G;95
50..100;12;123924955;A;G;85
50..100;13;25098073;C;T;60
50..100;13;25098076;T;C;60
50..100;13;32427986;C;T;50
50..100;13;32521483;A;G;95
50..100;13;39038014;T;C;50
50..100;13;113085102;C;T;90
50..100;14;49893504;A;G;50
50..100;14;64775326;T;C;60
50..100;14;69052671;A;C;80
50..100;14;70727653;A;C;80
50..100;14;72993209;T;C;95
50..100;14;74907419;A;C;90
50..100;14;75069224;A;G;60
50..100;14;92927756;A;G;50
50..100;14;93431043;A;C;60
50..100;14;101558323;A;G;60
50..100;14;102042461;A;C;70
50..100;14;102139586;A;G;95
50..100;14;104772267;T;C;85
50..100;14;106537997;T;C;95
50..100;14;106538002;C;T;60
50..100;15;24676229;A;G;80
50..100;15;34355140;G;A;50
50..100;15;40035100;A;G;55
50..100;15;42273063;A;G;90
50..100;15;50354567;A;C;65
50..100;15;64499880;T;C;60
50..100;15;75725119;A;G;75
50..100;15;75844199;G;C;60
50..100;15;78624839;A;T;80
50..100;16;293636;A;G;75
50..100;16;2233191;A;C;70
50..100;16;3148492;T;G;50
50..100;16;3674342;A;G;95
50..100;16;30707456;G;A;75
50..100;16;31073383;A;C;55
50..100;17;1467445;T;C;55
50..100;17;1496691;A;G;55
50..100;17;1576541;A;G;50
50..100;17;3897605;T;G;80
50..100;17;4584699;G;C;90
50..100;17;4745395;A;T;70
50..100;17;4745396;A;T;70
50..100;17;9575897;A;C;95
50..100;17;18068137;G;A;90
50..100;17;18314953;A;G;70
50..100;17;28758455;A;C;85
50..100;17;30324810;A;C;65
50..100;17;35008279;C;T;60
50..100;17;40296591;C;T;90
50..100;17;43881047;T;C;55
50..100;17;44848179;G;A;90
50..100;17;45108175;A;C;85
50..100;17;50076560;C;T;55
50..100;17;50461222;A;C;80
50..100;17;60211179;A;G;60
50..100;17;62689790;T;C;50
50..100;17;62737283;A;C;80
50..100;17;63698524;A;G;60
50..100;17;75405505;A;C;75
50..100;17;75499120;G;C;95
50..100;17;75944482;A;G;65
50..100;17;76353649;T;C;70
50..100;17;76949679;G;A;90
50..100;17;77203543;T;C;85
50..100;18;3152022;A;G;90
50..100;18;5406827;A;C;85
50..100;18;70205813;T;C;60
50..100;18;79968221;C;T;80
50..100;19;813841;A;G;60
50..100;19;875389;A;G;50
50..100;19;886081;A;C;95
50..100;19;975405;C;T;65
50..100;19;3611767;G;A;65
50..100;19;4028692;G;C;80
50..100;19;4345792;A;G;90
50..100;19;8889572;G;A;95
50..100;19;11058428;A;C;55
50..100;19;12715663;A;C;90
50..100;19;16980723;T;C;55
50..100;19;17726986;A;C;55
50..100;19;19680242;T;C;95
50..100;19;32484634;A;G;85
50..100;19;32953799;T;G;95
50..100;19;33206715;C;T;60
50..100;19;35511808;A;C;80
50..100;19;35812100;C;G;95
50..100;19;35839309;A;G;60
50..100;19;40448021;T;G;70
50..100;19;44267687;T;G;75
50..100;19;44657859;A;G;85
50..100;19;50792118;G;C;50
50..100;19;54338078;T;G;85
50..100;19;55429938;T;C;90
50..100;19;55592978;A;C;70
50..100;2;20003140;A;G;90
50..100;2;29017917;G;A;70
50..100;2;39666318;A;G;60
50..100;2;43767657;T;C;65
50..100;2;69246017;A;C;60
50..100;2;69466260;A;G;95
50..100;2;71513320;T;C;90
50..100;2;74198581;A;G;95
50..100;2;85429377;A;G;80
50..100;2;100562660;C;T;55
50..100;2;112547143;T;C;75
50..100;2;131040287;G;C;75
50..100;2;197500335;G;C;70
50..100;2;201258080;A;C;95
50..100;2;203289857;A;G;90
50..100;2;207080171;A;C;75
50..100;2;207598932;A;C;70
50..100;2;208163188;G;T;95
50..100;2;210556606;T;G;95
50..100;2;218164286;T;C;90
50..100;2;219254341;A;C;70
50..100;2;240139031;A;C;85
50..100;20;609819;A;C;55
50..100;20;2147775;A;G;95
50..100;20;3082618;A;C;80
50..100;20;3110020;A;G;95
50..100;20;3238111;A;G;50
50..100;20;5573986;G;C;80
50..100;20;17693737;G;A;65
50..100;20;19721405;A;G;90
50..100;20;25058594;A;C;95
50..100;20;33757300;A;G;85
50..100;20;43576174;T;G;75
50..100;20;45608293;T;C;90
50..100;21;28961460;A;C;60
50..100;21;33772130;A;C;85
50..100;21;44316502;A;C;90
50..100;22;20057048;A;C;65
50..100;22;21031480;T;G;95
50..100;22;21763839;G;A;55
50..100;22;30546503;G;C;80
50..100;22;36282507;A;C;60
50..100;22;38169549;A;C;80
50..100;22;41435249;C;T;95
50..100;22;44285480;A;G;60
50..100;22;50418711;A;G;75
50..100;3;12897857;A;C;70
50..100;3;14466394;A;C;95
50..100;3;48518218;T;C;55
50..100;3;48635382;A;C;85
50..100;3;51943486;A;G;80
50..100;3;57227866;T;C;55
50..100;3;57271142;T;C;65
50..100;3;58424827;T;C;85
50..100;3;64094098;A;C;80
50..100;3;66262066;A;C;80
50..100;3;69198702;A;G;75
50..100;3;122681021;A;G;50
50..100;3;127721137;A;G;95
50..100;3;138834804;A;C;65
50..100;3;142961965;A;C;95
50..100;3;184039126;C;T;80
50..100;4;2068647;A;G;90
50..100;4;6693916;A;G;55
50..100;4;7031944;T;C;95
50..100;4;8581015;T;C;55
50..100;4;47652859;T;G;90
50..100;4;61201380;A;G;80
50..100;4;145064684;A;G;85
50..100;5;140417;C;T;70
50..100;5;67165522;T;G;90
50..100;5;74629469;C;T;60
50..100;5;79728911;G;A;80
50..100;5;126626998;C;T;85
50..100;5;178247430;A;G;85
50..100;5;178247434;A;C;90
50..100;6;88165824;A;G;75
50..100;7;579232;A;G;70
50..100;7;5324352;A;G;95
50..100;7;5361628;A;G;55
50..100;7;5387717;A;C;60
50..100;7;29212947;T;A;60
50..100;7;29212951;C;A;60
50..100;7;29212955;G;C;55
50..100;7;40134368;A;G;50
50..100;7;45592863;A;C;50
50..100;7;47539446;A;G;75
50..100;7;55155904;A;G;70
50..100;7;71784823;T;C;85
50..100;7;73697334;A;C;50
50..100;7;138460831;G;A;70
50..100;8;2108771;A;T;85
50..100;8;28092841;G;A;95
50..100;8;38057147;T;C;70
50..100;8;38057172;C;G;80
50..100;8;38057230;A;C;70
50..100;8;38057238;T;C;70
50..100;8;96335204;A;C;70
50..100;8;127736212;A;G;75
50..100;8;143739940;A;C;60
50..100;9;19126399;T;G;65
50..100;9;35690533;A;T;80
50..100;9;89399203;T;C;90
50..100;9;109862907;T;A;85
50..100;9;111544137;A;C;60
50..100;9;117040162;A;G;60
50..100;9;122568460;A;G;95
50..100;9;124468532;A;C;55
50..100;9;127219300;A;C;90
50..100;9;130893782;A;G;80
50..100;9;136748509;A;G;50
50..100;9;137281892;A;C;60
100..300;1;935708;A;C;115
100..300;1;2559766;T;C;140
100..300;1;5967305;T;C;160
100..300;1;6588182;A;C;270
100..300;1;9731896;A;C;100
100..300;1;11055902;C;T;100
100..300;1;12109620;A;C;105
100..300;1;25228023;A;C;120
100..300;1;26171627;A;C;120
100..300;1;26762413;G;A;110
100..300;1;27966612;T;C;140
100..300;1;31685690;T;G;110
100..300;1;33577210;G;A;165
100..300;1;33577234;A;C;190
100..300;1;37761899;A;G;230
100..300;1;39760374;A;G;200
100..300;1;46615235;A;C;100
100..300;1;53238455;T;C;135
100..300;1;54054177;G;C;115
100..300;1;59607758;A;C;100
100..300;1;64831557;G;A;100
100..300;1;84349765;A;C;220
100..300;1;100888661;G;A;130
100..300;1;147172142;A;C;105
100..300;1;151695768;A;G;120
100..300;1;156333599;A;G;195
100..300;1;173573265;A;C;105
100..300;1;175080243;A;G;170
100..300;1;175158764;A;C;100
100..300;1;178441644;C;T;150
100..300;1;184726234;G;C;205
100..300;1;200565612;A;C;100
100..300;1;202318409;A;G;215
100..300;1;204154935;A;C;105
100..300;1;214372698;A;C;130
100..300;1;228217117;A;G;290
100..300;1;228341132;A;G;230
100..300;10;242072;T;C;220
100..300;10;812800;A;C;135
100..300;10;7807091;T;G;200
100..300;10;24595161;A;G;140
100..300;10;24982703;C;G;115
100..300;10;25596787;T;C;215
100..300;10;87660898;A;G;145
100..300;10;96271306;A;G;130
100..300;10;98253581;T;C;160
100..300;10;99817225;T;C;110
100..300;10;102152308;T;C;180
100..300;10;104043398;A;G;110
100..300;10;111013305;T;G;135
100..300;10;116692299;G;A;120
100..300;10;125027060;T;C;295
100..300;10;133369036;A;G;245
100..300;11;825301;T;G;125
100..300;11;4603164;C;T;145
100..300;11;6768875;C;T;215
100..300;11;9428830;G;T;275
100..300;11;9472850;A;C;150
100..300;11;12508610;A;G;115
100..300;11;20090827;G;A;190
100..300;11;20097770;A;G;140
100..300;11;35204438;T;G;210
100..300;11;46668920;A;C;120
100..300;11;46873166;T;C;110
100..300;11;47309281;A;G;115
100..300;11;61735587;A;G;215
100..300;11;62602881;A;G;120
100..300;11;65777286;C;G;110
100..300;11;65883611;A;C;270
100..300;11;65961839;T;C;100
100..300;11;73965603;A;G;115
100..300;11;77208433;A;C;165
100..300;11;88337619;A;G;150
100..300;11;90135587;A;G;190
100..300;11;108046360;G;A;140
100..300;11;111701402;G;A;125
100..300;11;111883850;C;A;220
100..300;11;117201774;A;G;110
100..300;11;117839781;T;C;115
100..300;11;118029792;A;C;115
100..300;11;120428183;A;C;205
100..300;11;121586149;G;C;130
100..300;11;134210318;T;G;110
100..300;12;2994957;C;G;115
100..300;12;6619750;A;C;100
100..300;12;48832227;T;C;120
100..300;12;51056230;G;C;180
100..300;12;51995815;C;G;135
100..300;12;59774664;C;T;110
100..300;12;62336098;C;T;160
100..300;12;66331380;T;C;105
100..300;12;66331422;T;C;115
100..300;12;107657629;A;G;145
100..300;12;108892996;T;G;140
100..300;12;119687944;A;C;110
100..300;12;121805999;T;C;150
100..300;12;121810676;G;C;115
100..300;12;122172639;T;C;150
100..300;12;122950701;A;G;105
100..300;12;132077442;T;C;110
100..300;13;41721592;C;A;205
100..300;13;42173968;C;T;115
100..300;13;99870899;A;C;140
100..300;13;111153898;G;A;155
100..300;13;113548277;G;A;210
100..300;13;113669682;C;T;205
100..300;14;23571029;A;C;290
100..300;14;24195403;C;T;110
100..300;14;30721944;A;T;110
100..300;14;39151731;A;G;100
100..300;14;63381929;C;T;145
100..300;14;93719623;A;G;190
100..300;14;95094066;A;G;290
100..300;14;99675339;A;G;175
100..300;14;104151935;A;G;110
100..300;14;104179675;T;C;125
100..300;15;29105547;G;A;145
100..300;15;36890191;C;A;240
100..300;15;42219513;C;T;125
100..300;15;57091773;G;C;295
100..300;15;73323114;T;C;120
100..300;15;74956277;A;G;165
100..300;15;75676128;A;C;100
100..300;15;88626383;G;A;125
100..300;16;264781;T;G;110
100..300;16;368462;G;C;115
100..300;16;1606830;A;G;105
100..300;16;2093921;A;C;100
100..300;16;3731477;A;C;115
100..300;16;4405624;G;T;160
100..300;16;4446934;T;G;180
100..300;17;1734164;A;G;145
100..300;17;3092964;T;C;290
100..300;17;4558903;T;C;100
100..300;17;5481296;A;G;260
100..300;17;7743724;A;C;170
100..300;17;16119459;A;G;125
100..300;17;17167490;T;C;100
100..300;17;18016591;A;C;100
100..300;17;18139213;G;A;285
100..300;17;32367930;A;G;190
100..300;17;38563526;A;G;105
100..300;17;38750247;A;G;130
100..300;17;40093510;A;G;130
100..300;17;45977230;G;T;125
100..300;17;47711809;A;C;110
100..300;17;48060376;A;C;105
100..300;17;50346206;A;G;100
100..300;17;50552097;G;A;175
100..300;17;50578394;A;C;105
100..300;17;58278141;A;G;135
100..300;17;66806071;A;G;110
100..300;17;67071589;T;G;105
100..300;17;74328869;A;C;190
100..300;17;74842510;A;C;100
100..300;17;75626976;T;C;100
100..300;17;79934124;A;C;105
100..300;17;80038217;A;C;100
100..300;17;81540053;A;C;120
100..300;17;82911714;T;C;175
100..300;18;6311493;A;C;190
100..300;18;10471767;T;C;150
100..300;18;46459924;A;C;160
100..300;18;46524474;C;T;155
100..300;18;57489365;T;C;170
100..300;18;74358568;A;C;290
100..300;18;74578360;C;T;100
100..300;19;1109323;A;G;135
100..300;19;3381756;A;C;135
100..300;19;5208332;T;C;110
100..300;19;5612521;A;G;125
100..300;19;7125508;A;G;140
100..300;19;9185814;T;G;135
100..300;19;10689553;A;AGAGTTTTT;275
100..300;19;13768972;G;C;185
100..300;19;13768974;T;G;175
100..300;19;13768976;A;AAGGAGATCATTATTGAAGAGCGACCGG;175
100..300;19;16437779;T;C;280
100..300;19;16846917;A;G;110
100..300;19;17626738;G;A;135
100..300;19;17656194;A;C;130
100..300;19;19147712;A;G;115
100..300;19;34931904;T;C;170
100..300;19;35141662;G;A;120
100..300;19;45940481;G;T;105
100..300;19;48703108;A;C;110
100..300;19;48873213;A;C;150
100..300;19;49616117;G;A;105
100..300;19;54638714;T;C;260
100..300;19;54752314;C;G;135
100..300;19;54752327;C;T;145
100..300;19;58001388;G;A;115
100..300;19;58563491;A;C;135
100..300;2;1648413;T;C;160
100..300;2;1839415;A;C;115
100..300;2;11787040;T;G;140
100..300;2;15308318;A;G;105
100..300;2;26184331;A;C;110
100..300;2;27124153;T;G;100
100..300;2;27137508;A;C;100
100..300;2;30929388;A;C;110
100..300;2;48687944;A;G;210
100..300;2;53898229;A;C;110
100..300;2;69073055;A;C;175
100..300;2;69496027;A;C;125
100..300;2;72129318;G;A;130
100..300;2;96695757;T;G;220
100..300;2;108305622;C;T;100
100..300;2;112028979;T;C;115
100..300;2;127706413;A;G;165
100..300;2;148935181;T;C;125
100..300;2;150487698;A;C;105
100..300;2;151636256;T;C;120
100..300;2;159382595;T;G;240
100..300;2;170716558;A;C;110
100..300;2;177628594;G;C;275
100..300;2;196217025;A;G;105
100..300;2;197778907;A;G;170
100..300;2;201709886;A;C;160
100..300;2;221563765;C;G;230
100..300;2;231049239;A;C;125
100..300;2;232379730;A;G;125
100..300;2;232386689;A;C;115
100..300;2;232682056;A;G;100
100..300;2;240552784;C;T;115
100..300;20;2653542;G;A;220
100..300;20;3237709;G;C;125
100..300;20;21136493;A;C;120
100..300;20;34616060;C;T;105
100..300;20;36612677;A;C;110
100..300;20;36612678;A;G;110
100..300;20;37223725;A;C;130
100..300;20;49482355;T;G;230
100..300;20;57613398;A;G;105
100..300;20;58447978;A;G;215
100..300;20;63310378;A;C;110
100..300;21;41467670;G;A;120
100..300;21;41991876;A;G;125
100..300;21;43669996;A;G;125
100..300;21;44330828;A;C;120
100..300;22;17739497;G;A;140
100..300;22;22871968;A;C;145
100..300;22;23124382;A;G;105
100..300;22;31248451;T;G;105
100..300;22;36312209;A;C;180
100..300;22;40682389;T;G;115
100..300;22;42516023;T;G;100
100..300;22;50466621;A;C;100
100..300;3;9363203;T;C;150
100..300;3;12808384;T;G;140
100..300;3;14727021;T;G;215
100..300;3;15051887;G;A;170
100..300;3;26709603;A;G;250
100..300;3;40525022;A;C;115
100..300;3;42209837;T;C;220
100..300;3;46995266;G;C;270
100..300;3;47850119;C;G;130
100..300;3;49094117;A;C;125
100..300;3;49671069;T;G;130
100..300;3;54918961;A;G;115
100..300;3;57575710;T;C;185
100..300;3;58132973;G;A;135
100..300;3;93980176;A;G;100
100..300;3;112341127;A;G;120
100..300;3;119629739;T;G;230
100..300;3;126989610;C;T;130
100..300;3;133764861;T;C;165
100..300;3;135248420;T;C;180
100..300;3;140448595;T;C;100
100..300;3;160509805;A;C;105
100..300;3;168095202;A;G;135
100..300;3;168095220;C;G;115
100..300;3;168095226;T;C;105
100..300;3;168095247;G;A;100
100..300;3;185485934;A;G;135
100..300;3;196660329;A;G;265
100..300;4;3148199;A;G;150
100..300;4;3314770;A;T;125
100..300;4;11394715;G;A;230
100..300;4;16160851;A;C;280
100..300;4;41981700;A;G;135
100..300;4;42087430;T;A;160
100..300;4;86672342;T;A;110
100..300;4;88658396;A;G;155
100..300;4;112541157;A;C;185
100..300;4;114598600;C;T;105
100..300;4;158715581;A;G;160
100..300;4;163494582;G;A;210
100..300;4;183316123;C;G;190
100..300;5;33561083;T;C;125
100..300;5;42779485;A;C;120
100..300;5;75596228;A;G;115
100..300;5;76285712;A;G;135
100..300;5;76652649;C;T;155
100..300;5;81266301;A;G;105
100..300;5;84106820;A;G;145
100..300;5;84106821;A;C;145
100..300;5;93588012;A;G;165
100..300;5;134874001;G;A;155
100..300;5;135535709;A;C;125
100..300;5;135852739;A;C;205
100..300;5;168262399;T;C;140
100..300;5;169699699;A;C;105
100..300;5;171872825;C;T;275
100..300;5;173317561;A;C;100
100..300;5;174004922;A;C;205
100..300;5;177386403;T;C;250
100..300;5;179616127;A;G;140
100..300;6;83196129;A;C;240
100..300;6;89264347;T;C;275
100..300;6;124121782;T;C;185
100..300;6;127447572;A;C;165
100..300;6;161716115;T;C;135
100..300;7;228088;A;G;125
100..300;7;2364520;A;C;120
100..300;7;4861657;A;C;110
100..300;7;11590430;C;G;260
100..300;7;24719199;T;G;125
100..300;7;24719233;T;C;110
100..300;7;25224748;T;C;175
100..300;7;28822345;A;G;135
100..300;7;36330881;A;C;115
100..300;7;40001888;T;G;145
100..300;7;44207582;G;A;250
100..300;7;47975437;G;A;130
100..300;7;55208398;C;T;125
100..300;7;55906347;G;C;100
100..300;7;77374035;A;G;235
100..300;7;80494584;C;T;285
100..300;7;98847925;T;A;165
100..300;7;126438633;G;A;190
100..300;7;127595417;T;C;265
100..300;7;127610572;T;C;190
100..300;7;130500925;A;C;290
100..300;7;137572969;T;C;155
100..300;8;2092276;T;C;105
100..300;8;2164315;A;G;130
100..300;8;3387646;T;C;120
100..300;8;9580146;T;C;155
100..300;8;11851056;A;C;125
100..300;8;27458600;A;G;140
100..300;8;31132403;A;C;140
100..300;8;47849226;A;C;110
100..300;8;81443283;G;A;240
100..300;8;100706704;G;C;175
100..300;8;100706737;A;G;195
100..300;8;100706740;T;C;195
100..300;8;100706759;A;G;200
100..300;8;100706776;A;G;195
100..300;8;109242078;A;G;110
100..300;8;132893967;A;T;165
100..300;8;141194074;T;G;110
100..300;8;143253478;A;T;120
100..300;8;143253487;A;C;110
100..300;8;143803891;A;C;150
100..300;8;143929093;C;G;110
100..300;8;144524704;A;C;185
100..300;9;35062070;A;C;140
100..300;9;79652735;T;G;220
100..300;9;90898182;G;T;150
100..300;9;91756180;A;C;125
100..300;9;109640878;T;C;130
100..300;9;111613351;G;A;120
100..300;9;114633957;T;C;180
100..300;9;127953468;A;C;105
100..300;9;128810060;A;G;100
100..300;9;131510048;T;C;235
100..300;9;131622005;G;A;110
100..300;9;133476261;T;C;120
100..300;9;136523808;G;A;145
100..300;9;137048680;T;C;105
100..300;9;137426217;A;C;110
100..300;9;137986862;C;A;160
100..300;9;138114375;T;C;225
≥300;1;58576509;T;G;.
≥300;1;111315822;T;C;.
≥300;1;171334784;T;G;310
≥300;1;228746280;G;A;.
≥300;10;17235035;A;G;.
≥300;10;87747531;A;C;.
≥300;10;129837082;G;A;.
≥300;11;6608435;T;C;.
≥300;11;6877432;A;G;300
≥300;11;10512212;A;C;310
≥300;11;55967883;A;G;310
≥300;11;56375627;A;G;340
≥300;11;62752482;T;C;.
≥300;12;20681291;C;T;.
≥300;12;128810336;C;A;.
≥300;14;34940069;T;G;.
≥300;14;75641180;C;A;.
≥300;14;93241960;C;A;.
≥300;14;106470288;C;G;335
≥300;15;93045622;A;G;315
≥300;16;19551340;T;TTACACAGACAAAGTGACATCAGAAG;.
≥300;16;19551366;C;G;.
≥300;16;19711960;T;C;.
≥300;16;20349706;T;A;.
≥300;16;21258805;C;A;.
≥300;17;17423089;A;G;300
≥300;17;39532352;A;G;.
≥300;17;81860390;A;C;.
≥300;18;21575326;A;G;.
≥300;18;57674781;T;C;.
≥300;19;52384789;T;G;.
≥300;19;52384796;A;C;.
≥300;19;52384797;G;A;.
≥300;2;10001702;G;A;.
≥300;2;11180751;T;C;300
≥300;2;54660058;T;C;335
≥300;2;55877702;C;T;.
≥300;2;102351615;C;T;.
≥300;2;165754661;G;A;.
≥300;2;178549281;C;A;.
≥300;20;36752476;G;T;.
≥300;20;38488499;T;C;.
≥300;20;49325725;T;A;.
≥300;22;35553574;T;G;325
≥300;22;38486413;A;G;.
≥300;22;44916364;A;G;.
≥300;3;64157183;T;C;340
≥300;4;78511293;G;T;.
≥300;5;34954593;T;C;.
≥300;5;37812641;T;G;335
≥300;7;2542747;A;T;310
≥300;7;55170575;A;G;340
≥300;7;131478718;A;C;340
≥300;7;157682724;A;C;.
≥300;8;68447525;C;G;325
≥300;8;71403733;T;A;330
≥300;8;130814100;T;C;.
≥300;9;14082217;T;A;.
≥300;9;74762080;A;G;.
≥300;9;122553763;C;T;300
