coverage	chromosome	position	alt_allele	ref_allele	vaf
1..10	12	9752575	A	ATAAAAATATTTTAAATGAAGTATTGAAGTATTGCACG	0.4070000052452087
1..10	13	75594962	A	T	0.2860000133514404
1..10	13	99963377	T	A	0.2709999978542328
1..10	14	88571047	A	C	0.2000000029802322
1..10	15	40471063	T	G	0.3970000147819519
1..10	2	159767717	A	G	0.1669999957084655
1..10	2	159767718	C	A	0.1669999957084655
1..10	2	208357944	G	C	0.2860000133514404
1..10	2	232767188	A	G	0.3289999961853027
1..10	3	108050741	A	C	0.1969999969005584
1..10	3	167441859	A	C	0.2860000133514404
1..10	5	37000853	G	A	0.1669999957084655
1..10	5	37003418	G	C	0.181999996304512
1..10	5	37065678	C	T	0.5
1..10	5	37065681	TCTCCCAATCCCAGTTTCCATTCTCTATATCAACTTCCAAAAACTCACTGCTAGC	T	0.481000006198883
1..10	5	138187645	T	A	0.2479999959468841
1..10	6	97140093	A	T	0.3289999961853027
1..10	6	97140094	A	T	0.3289999961853027
10..30	10	101229425	T	C	0.1180000007152557
10..30	11	36446391	T	C	0.096000000834465
10..30	11	72758381	T	G	0.125
10..30	11	75283247	A	G	0.1580000072717666
10..30	11	84163557	T	G	0.1669999957084655
10..30	11	84163558	T	A	0.1669999957084655
10..30	12	2614264	C	G	0.1309999972581863
10..30	12	52690043	T	G	0.125
10..30	13	39680076	G	C	0.0869999974966049
10..30	13	43891611	A	T	0.2689999938011169
10..30	14	71023287	T	A	0.1099999994039535
10..30	14	71023292	G	T	0.125
10..30	17	40389089	C	A	0.1150000020861625
10..30	2	42493839	C	T	0.1410000026226043
10..30	3	10315512	T	G	0.0820000022649765
10..30	3	52445163	C	A	0.0949999988079071
10..30	3	197091022	C	G	0.1289999932050705
10..30	4	17873724	T	C	0.0799999982118606
10..30	4	80204238	A	T	0.2169999927282333
10..30	4	154611859	T	A	0.2730000019073486
10..30	5	90459010	G	T	0.2930000126361847
10..30	6	87555415	T	C	0.1000000014901161
10..30	6	133987516	A	T	0.1319999992847442
10..30	7	12234179	G	T	0.1759999990463256
10..30	7	44798892	T	A	0.0799999982118606
10..30	7	44798893	T	G	0.0799999982118606
10..30	8	104252571	T	A	0.0900000035762786
10..30	8	104252573	T	A	0.090999998152256
10..30	9	34369640	A	G	0.1539999991655349
10..30	9	34369644	G	A	0.1539999991655349
10..30	9	86344861	G	C	0.1080000028014183
30..50	1	154206866	A	T	0.0710000023245811
30..50	11	46719368	A	T	0.0700000002980232
30..50	11	126004346	C	A	0.0780000016093254
30..50	2	85786807	AGAGACATTCTGCAGCTGTCCAGAAACAGAATGTCTCTTCACTGAGTCCTCCAGGCAGAG	A	0.0930000022053718
30..50	3	170170798	A	G	0.125
30..50	5	126575363	G	C	0.0810000002384185
30..50	8	106713811	C	T	0.0860000029206276
30..50	9	92105141	T	C	0.0599999986588954
50..100	1	54731415	T	G	0.0529999993741512
50..100	11	62616245	C	A	0.0970000028610229
50..100	12	88497155	T	A	0.0740000009536743
50..100	12	88497157	T	G	0.0740000009536743
50..100	13	107866620	T	C	0.0549999997019767
50..100	17	38920261	T	C	0.0529999993741512
50..100	2	197500318	C	CCGCT	0.4769999980926513
50..100	22	41435249	C	T	0.096000000834465
50..100	3	53812210	G	T	0.0540000014007091
50..100	6	142774851	A	G	0.050000000745058
50..100	8	64581002	A	AGGGGGCAGGGCTGCTGTTGCCGCCGCCTGGAGGAGGCGGCGGC	0.1729999929666519
≥300	16	19551340	T	TTA	0.2770000100135803
≥300	16	19551343	C	CACAGACAAAGTGACATCAGAAGG	0.2349999994039535
